Epoch,Satellite,GNSS_System,Code_Type,Code_Value,Carrier_Phase_Type,Carrier_Phase_Value,Doppler_Type,Doppler_Value,Signal_Strength_Type,Signal_Strength_Value
2026-04-20 00:00:00,C01,BeiDou,C2I,40141973.272,L2I,209029851.262,D2I,-2.648,S2I,36.25
2026-04-20 00:00:00,C02,BeiDou,C2I,36063817.63,L2I,187793800.042,D2I,-14.068,S2I,49.5
2026-04-20 00:00:00,C03,BeiDou,C2I,37088665.818,L2I,193130522.481,D2I,-4.791,S2I,47.5
2026-04-20 00:00:00,C05,BeiDou,C2I,36568907.919,L2I,190423957.603,D2I,-22.026,S2I,45.0
2026-04-20 00:00:00,C07,BeiDou,C1P,37725303.517,L1P,198248017.641,D1P,561.869,S1P,42.75
2026-04-20 00:00:00,C08,BeiDou,C1P,36950018.092,L1P,194173749.445,D1P,-441.122,S1P,46.0
2026-04-20 00:00:00,C09,BeiDou,C2I,40769658.537,L2I,212298382.348,D2I,-641.359,S2I,33.0
2026-04-20 00:00:00,C10,BeiDou,C2I,37729355.793,L2I,196466711.479,D2I,805.093,S2I,44.25
2026-04-20 00:00:00,C14,BeiDou,C1P,25040839.951,L1P,131590514.84,D1P,324.897,S1P,38.0
2026-04-20 00:00:00,C21,BeiDou,C1P,24140596.934,L1P,126859725.636,D1P,-715.686,S1P,43.75
2026-04-20 00:00:00,C22,BeiDou,C1P,24017507.05,L1P,126212884.868,D1P,-2423.28,S1P,43.0
2026-04-20 00:00:00,C26,BeiDou,C1P,25680283.181,L1P,134950802.841,D1P,1323.222,S1P,36.5
2026-04-20 00:00:00,C29,BeiDou,C1P,22577691.404,L1P,118646693.494,D1P,-854.507,S1P,46.0
2026-04-20 00:00:00,C30,BeiDou,C1P,26391421.18,L1P,138688111.94,D1P,-2689.924,S1P,27.75
2026-04-20 00:00:00,C35,BeiDou,C1P,22659563.711,L1P,119076835.705,D1P,2170.126,S1P,47.5
2026-04-20 00:00:00,C36,BeiDou,C1P,24555099.815,L1P,129037935.402,D1P,-545.666,S1P,39.0
2026-04-20 00:00:00,C39,BeiDou,C1P,23589671.751,L1P,123964665.798,D1P,466.987,S1P,45.0
2026-04-20 00:00:00,C56,BeiDou,C2I,35876553.645,L2I,186818682.586,D2I,-495.119,S2I,47.75
2026-04-20 00:00:00,C59,BeiDou,C2I,39532769.892,L2I,205857553.6,D2I,9.11,S2I,39.5
2026-04-20 00:00:00,E07,Galileo,C1C,24356877.231,L1C,127996446.447,D1C,-2029.381,S1C,46.25
2026-04-20 00:00:00,E08,Galileo,C1C,28551259.35,L1C,150038115.145,D1C,-2879.747,S1C,30.5
2026-04-20 00:00:00,E13,Galileo,C1C,26520252.627,L1C,139364933.735,D1C,1946.607,S1C,38.0
2026-04-20 00:00:00,E14,Galileo,C1C,23797474.43,L1C,125056685.563,D1C,1312.517,S1C,46.688
2026-04-20 00:00:00,E15,Galileo,C1C,26880683.319,L1C,141258941.74,D1C,937.779,S1C,36.5
2026-04-20 00:00:00,E19,Galileo,C1C,26065114.609,L1C,136973115.168,D1C,2406.155,S1C,33.25
2026-04-20 00:00:00,E21,Galileo,C1C,25462489.601,L1C,133806352.8,D1C,-64.844,S1C,43.0
2026-04-20 00:00:00,E23,Galileo,C1C,28472765.813,L5Q,111733271.899,D1C,972.464,S1C,29.25
2026-04-20 00:00:00,E27,Galileo,C1C,25427740.964,L1C,133623759.199,D1C,-1212.114,S1C,43.5
2026-04-20 00:00:00,E29,Galileo,C1C,23765402.371,L1C,124888082.681,D1C,530.818,S1C,47.75
2026-04-20 00:00:00,E30,Galileo,C1C,28336813.135,L5Q,111199932.287,D1C,-1466.114,S1C,21.0
2026-04-20 00:00:00,G01,GPS,C1C,22741523.773,L1C,119507591.184,D1C,1060.781,S1C,40.75
2026-04-20 00:00:00,G02,GPS,C1C,23247196.154,L1C,122164924.356,D1C,-991.855,S1C,39.5
2026-04-20 00:00:00,G04,GPS,C1C,23557259.307,L1C,123794333.951,D1C,-3570.028,S1C,38.25
2026-04-20 00:00:00,G07,GPS,C1C,21205614.339,L1C,111436387.829,D1C,1387.272,S1C,46.5
2026-04-20 00:00:00,G08,GPS,C1C,24008275.031,L1C,126164436.555,D1C,-3607.788,S1C,33.25
2026-04-20 00:00:00,G09,GPS,C1C,21281881.617,L1C,111837088.364,D1C,-2676.84,S1C,45.75
2026-04-20 00:00:00,G14,GPS,C1C,22337122.909,L1C,117382428.965,D1C,295.845,S1C,43.0
2026-04-20 00:00:00,G17,GPS,C1C,21100000.819,L1C,110881264.741,D1C,1960.09,S1C,46.5
2026-04-20 00:00:00,G19,GPS,C1C,23553974.663,L1C,123776980.686,D1C,3040.593,S1C,39.25
2026-04-20 00:00:00,G22,GPS,C1C,22819448.378,L1C,119917036.656,D1C,286.787,S1C,40.5
2026-04-20 00:00:00,G30,GPS,C1C,22115748.83,L1C,116219099.104,D1C,2441.413,S1C,44.0
2026-04-20 00:00:00,I02,NavIC,C5A,36627728.633,L5A,143735104.537,D5A,-11.004,S5A,49.75
2026-04-20 00:00:00,I03,NavIC,C5A,12515834.112,L5A,49114864.953,D5A,1273.34,S5A,52.25
2026-04-20 00:00:00,I06,NavIC,C5A,38887702.718,L5A,152603710.475,D5A,-2282.589,S5A,45.0
2026-04-20 00:00:00,I09,NavIC,C5A,36483505.356,L5A,143169342.646,D5A,-397.128,S5A,49.75
2026-04-20 00:00:00,I10,NavIC,C5A,38420798.166,L5A,150771594.699,D5A,-7.071,S5A,45.0
2026-04-20 00:00:00,J02,QZSS,C1C,42318027.089,L1C,222382829.842,D1C,85.956,S1C,37.25
2026-04-20 00:00:00,J03,QZSS,C1C,40369755.321,L1C,212144482.912,D1C,-345.005,S1C,34.75
2026-04-20 00:00:00,J04,QZSS,C2L,37438544.437,L2L,153304845.139,D2L,-538.117,S2L,35.25
2026-04-20 00:00:00,J07,QZSS,C1C,38289457.133,L1C,201212606.072,D1C,0.626,S1C,34.25
2026-04-20 00:00:00,R02,GLONASS,C1C,21496045.063,L1C,114707041.009,D1C,-3500.795,S1C,47.25
2026-04-20 00:00:00,R03,GLONASS,C1C,20767432.724,L1C,111169732.898,D1C,-318.086,S1C,49.25
2026-04-20 00:00:00,R04,GLONASS,C1C,23354367.546,L1C,125061598.231,D1C,2555.103,S1C,39.75
2026-04-20 00:00:00,R12,GLONASS,C1C,23387293.25,L1C,124930769.104,D1C,-601.872,S1C,40.5
2026-04-20 00:00:00,R13,GLONASS,C1C,22054472.021,L1C,117769713.478,D1C,105.924,S1C,39.0
2026-04-20 00:00:00,R14,GLONASS,C1C,23371291.34,L1C,124582177.679,D1C,846.99,S1C,40.25
2026-04-20 00:00:00,R22,GLONASS,C1C,23537762.301,L1C,125646188.917,D1C,-2731.182,S1C,39.75
2026-04-20 00:00:00,R23,GLONASS,C1C,21050549.899,L1C,112606274.584,D1C,-556.358,S1C,46.0
2026-04-20 00:00:00,R24,GLONASS,C1C,21145036.994,L1C,113072018.094,D1C,3324.269,S1C,47.75
2026-04-20 00:00:00,S23,SBAS,C1C,39035143.49,L1C,205131646.247,D1C,3.382,S1C,38.75
2026-04-20 00:00:00,S27,SBAS,C1C,36596492.896,L1C,192317091.378,D1C,-16.532,S1C,48.0
2026-04-20 00:00:00,S28,SBAS,C1C,35992163.056,L1C,189140121.173,D1C,2.625,S1C,49.25
2026-04-20 00:00:00,S29,SBAS,C1C,36123803.439,L1C,189831903.26,D1C,2.755,S1C,47.75
2026-04-20 00:00:00,S30,SBAS,C1C,39532768.114,L1C,207746132.313,D1C,9.059,S1C,35.75
2026-04-20 00:00:00,S32,SBAS,C1C,36212038.421,L1C,190296803.549,D1C,4.204,S1C,42.594
2026-04-20 00:00:00,S34,SBAS,C1C,36142759.358,L1C,189931365.782,D1C,3.243,S1C,44.5
2026-04-20 00:00:00,S37,SBAS,C1C,38289450.087,L1C,201212443.688,D1C,0.465,S1C,36.75
2026-04-20 00:00:00,S42,SBAS,C1C,37401129.444,L1C,196543972.713,D1C,0.653,S1C,42.0
2026-04-20 00:00:00,S43,SBAS,C1C,37088666.259,L1C,194902400.872,D1C,-4.667,S1C,45.25
2026-04-20 00:00:00,S44,SBAS,C1C,36063816.712,L1C,189516721.323,D1C,-14.217,S1C,46.5
2026-04-20 00:00:00,S45,SBAS,C1C,7124777.694,L1C,37439641.827,D1C,42.266,S1C,37.5
2026-04-20 00:00:30,C01,BeiDou,C2I,40141989.62,L2I,209029935.366,D2I,-2.677,S2I,36.25
2026-04-20 00:00:30,C02,BeiDou,C2I,36063899.322,L2I,187794225.519,D2I,-14.361,S2I,49.5
2026-04-20 00:00:30,C03,BeiDou,C2I,37088693.766,L2I,193130667.278,D2I,-4.982,S2I,47.5
2026-04-20 00:00:30,C05,BeiDou,C2I,36569035.789,L2I,190424622.717,D2I,-22.409,S2I,45.0
2026-04-20 00:00:30,C07,BeiDou,C1P,37722103.519,L1P,198231202.296,D1P,559.066,S1P,42.25
2026-04-20 00:00:30,C08,BeiDou,C1P,36952548.301,L1P,194187045.704,D1P,-445.359,S1P,45.5
2026-04-20 00:00:30,C09,BeiDou,C2I,40773336.82,L2I,212317537.37,D2I,-635.861,S2I,33.5
2026-04-20 00:00:30,C10,BeiDou,C2I,37724722.301,L2I,196442584.318,D2I,803.404,S2I,44.25
2026-04-20 00:00:30,C14,BeiDou,C1P,25039022.609,L1P,131580966.244,D1P,311.652,S1P,37.5
2026-04-20 00:00:30,C21,BeiDou,C1P,24144716.217,L1P,126881371.814,D1P,-727.498,S1P,43.25
2026-04-20 00:00:30,C22,BeiDou,C1P,24031344.476,L1P,126285601.741,D1P,-2424.555,S1P,42.5
2026-04-20 00:00:30,C26,BeiDou,C1P,25672718.295,L1P,134911048.089,D1P,1326.937,S1P,36.5
2026-04-20 00:00:30,C29,BeiDou,C1P,22582613.426,L1P,118672558.653,D1P,-869.976,S1P,45.75
2026-04-20 00:00:30,C30,BeiDou,C1P,26406798.305,L1P,138768920.518,D1P,-2697.301,S1P,28.25
2026-04-20 00:00:30,C35,BeiDou,C1P,22647204.371,L1P,119011886.327,D1P,2159.705,S1P,47.25
2026-04-20 00:00:30,C36,BeiDou,C1P,24558219.828,L1P,129054329.453,D1P,-547.119,S1P,39.25
2026-04-20 00:00:30,C39,BeiDou,C1P,23587000.98,L1P,123950630.898,D1P,468.606,S1P,45.0
2026-04-20 00:00:30,C56,BeiDou,C2I,35879411.927,L2I,186833567.089,D2I,-497.219,S2I,48.0
2026-04-20 00:00:30,C59,BeiDou,C2I,39532717.927,L2I,205857283.253,D2I,8.784,S2I,39.25
2026-04-20 00:00:30,E07,Galileo,C1C,24368489.323,L1C,128057468.601,D1C,-2038.805,S1C,46.0
2026-04-20 00:00:30,E08,Galileo,C1C,28567696.471,L1C,150124494.28,D1C,-2879.504,S1C,33.25
2026-04-20 00:00:30,E13,Galileo,C1C,26509134.648,L1C,139306508.021,D1C,1948.419,S1C,37.75
2026-04-20 00:00:30,E14,Galileo,C1C,23789982.105,L1C,125017312.949,D1C,1312.248,S1C,46.531
2026-04-20 00:00:30,E15,Galileo,C1C,26875350.343,L1C,141230914.386,D1C,930.611,S1C,36.75
2026-04-20 00:00:30,E19,Galileo,C1C,26051395.801,L1C,136901023.039,D1C,2399.606,S1C,33.031
2026-04-20 00:00:30,E21,Galileo,C1C,25462867.846,L1C,133808339.863,D1C,-67.623,S1C,42.75
2026-04-20 00:00:30,E23,Galileo,C1C,28467230.691,L5Q,111711548.854,D1C,966.614,S1C,29.25
2026-04-20 00:00:30,E27,Galileo,C1C,25434655.051,L1C,133660093.201,D1C,-1210.2,S1C,43.5
2026-04-20 00:00:30,E29,Galileo,C1C,23762410.637,L1C,124872360.702,D1C,517.317,S1C,47.25
2026-04-20 00:00:30,E30,Galileo,C1C,28345176.044,L5Q,111232756.026,D1C,-1463.734,S1C,21.5
2026-04-20 00:00:30,G01,GPS,C1C,22735495.567,L1C,119475912.293,D1C,1051.141,S1C,40.75
2026-04-20 00:00:30,G02,GPS,C1C,23252902.197,L1C,122194908.788,D1C,-1007.519,S1C,39.5
2026-04-20 00:00:30,G04,GPS,C1C,23577647.505,L1C,123901474.847,D1C,-3572.704,S1C,37.5
2026-04-20 00:00:30,G07,GPS,C1C,21197716.798,L1C,111394886.4,D1C,1379.341,S1C,46.75
2026-04-20 00:00:30,G08,GPS,C1C,24028877.592,L1C,126272704.936,D1C,-3610.101,S1C,33.25
2026-04-20 00:00:30,G09,GPS,C1C,21297194.098,L1C,111917556.126,D1C,-2687.705,S1C,45.75
2026-04-20 00:00:30,G14,GPS,C1C,22335438.39,L1C,117373574.891,D1C,294.38,S1C,42.75
2026-04-20 00:00:30,G17,GPS,C1C,21088858.517,L1C,110822711.417,D1C,1943.383,S1C,46.5
2026-04-20 00:00:30,G19,GPS,C1C,23536636.201,L1C,123685865.47,D1C,3033.723,S1C,39.0
2026-04-20 00:00:30,G22,GPS,C1C,22817823.719,L1C,119908499.223,D1C,282.306,S1C,40.5
2026-04-20 00:00:30,G30,GPS,C1C,22101816.562,L1C,116145884.761,D1C,2439.589,S1C,44.0
2026-04-20 00:00:30,I02,NavIC,C5A,36627815.878,L5A,143735446.11,D5A,-11.842,S5A,49.75
2026-04-20 00:00:30,I03,NavIC,C5A,12506100.124,L5A,49076666.834,D5A,1273.131,S5A,52.25
2026-04-20 00:00:30,I06,NavIC,C5A,38905153.728,L5A,152672192.424,D5A,-2282.945,S5A,45.25
2026-04-20 00:00:30,I09,NavIC,C5A,36486545.418,L5A,143181272.419,D5A,-398.203,S5A,49.75
2026-04-20 00:00:30,I10,NavIC,C5A,38420852.943,L5A,150771809.784,D5A,-7.33,S5A,44.75
2026-04-20 00:00:30,J02,QZSS,C1C,42317528.434,L1C,222380209.839,D1C,88.772,S1C,37.25
2026-04-20 00:00:30,J03,QZSS,C1C,40371727.331,L1C,212154847.793,D1C,-346.325,S1C,35.5
2026-04-20 00:00:30,J04,QZSS,C2L,37442491.075,L2L,153321006.264,D2L,-539.353,S2L,35.25
2026-04-20 00:00:30,J07,QZSS,C1C,38289455.121,L1C,201212592.61,D1C,0.091,S1C,33.75
2026-04-20 00:00:30,R02,GLONASS,C1C,21515747.125,L1C,114812175.833,D1C,-3508.213,S1C,46.75
2026-04-20 00:00:30,R03,GLONASS,C1C,20769281.319,L1C,111179627.975,D1C,-341.63,S1C,49.25
2026-04-20 00:00:30,R04,GLONASS,C1C,23340103.447,L1C,124985215.751,D1C,2537.042,S1C,40.0
2026-04-20 00:00:30,R12,GLONASS,C1C,23390666.913,L1C,124948790.979,D1C,-599.661,S1C,39.75
2026-04-20 00:00:30,R13,GLONASS,C1C,22053864.034,L1C,117766466.621,D1C,110.451,S1C,39.5
2026-04-20 00:00:30,R14,GLONASS,C1C,23366512.256,L1C,124556703.158,D1C,851.424,S1C,38.75
2026-04-20 00:00:30,R22,GLONASS,C1C,23553157.839,L1C,125728373.017,D1C,-2747.987,S1C,38.75
2026-04-20 00:00:30,R23,GLONASS,C1C,21053739.148,L1C,112623334.091,D1C,-581.061,S1C,46.0
2026-04-20 00:00:30,R24,GLONASS,C1C,21126416.153,L1C,112972445.766,D1C,3313.809,S1C,48.0
2026-04-20 00:00:30,S23,SBAS,C1C,39035130.594,L1C,205131546.902,D1C,3.083,S1C,38.5
2026-04-20 00:00:30,S27,SBAS,C1C,36596587.855,L1C,192317591.305,D1C,-16.897,S1C,48.0
2026-04-20 00:00:30,S28,SBAS,C1C,35992148.081,L1C,189140045.001,D1C,2.391,S1C,49.25
2026-04-20 00:00:30,S29,SBAS,C1C,36123786.402,L1C,189831821.507,D1C,2.478,S1C,47.75
2026-04-20 00:00:30,S30,SBAS,C1C,39532713.507,L1C,207745859.488,D1C,8.862,S1C,35.75
2026-04-20 00:00:30,S32,SBAS,C1C,36212018.732,L1C,190296681.348,D1C,3.798,S1C,42.406
2026-04-20 00:00:30,S34,SBAS,C1C,36142744.736,L1C,189931277.465,D1C,2.798,S1C,44.5
2026-04-20 00:00:30,S37,SBAS,C1C,38289448.915,L1C,201212430.236,D1C,-0.142,S1C,37.0
2026-04-20 00:00:30,S42,SBAS,C1C,37401129.837,L1C,196543961.659,D1C,0.395,S1C,42.0
2026-04-20 00:00:30,S43,SBAS,C1C,37088694.882,L1C,194902547.005,D1C,-4.956,S1C,45.25
2026-04-20 00:00:30,S44,SBAS,C1C,36063899.182,L1C,189517150.696,D1C,-14.488,S1C,46.5
2026-04-20 00:00:30,S45,SBAS,C1C,7124748.061,L1C,37439978.3,D1C,41.976,S1C,37.25
2026-04-20 00:01:00,C01,BeiDou,C2I,40142005.857,L2I,209030022.218,D2I,-3.07,S2I,36.0
2026-04-20 00:01:00,C02,BeiDou,C2I,36063981.1,L2I,187794651.566,D2I,-14.358,S2I,49.5
2026-04-20 00:01:00,C03,BeiDou,C2I,37088721.619,L2I,193130813.185,D2I,-5.058,S2I,47.5
2026-04-20 00:01:00,C05,BeiDou,C2I,36569163.991,L2I,190425290.526,D2I,-22.502,S2I,45.0
2026-04-20 00:01:00,C07,BeiDou,C1P,37718918.499,L1P,198214463.954,D1P,556.441,S1P,42.75
2026-04-20 00:01:00,C08,BeiDou,C1P,36955101.468,L1P,194200462.302,D1P,-449.433,S1P,46.0
2026-04-20 00:01:00,C09,BeiDou,C2I,40776981.797,L2I,212336519.083,D2I,-630.181,S2I,32.75
2026-04-20 00:01:00,C10,BeiDou,C2I,37720097.113,L2I,196418500.291,D2I,801.87,S2I,44.25
2026-04-20 00:01:00,C14,BeiDou,C1P,25037279.377,L1P,131571804.031,D1P,298.706,S1P,37.25
2026-04-20 00:01:00,C21,BeiDou,C1P,24148900.696,L1P,126903362.645,D1P,-738.84,S1P,43.5
2026-04-20 00:01:00,C22,BeiDou,C1P,24045188.41,L1P,126358350.347,D1P,-2425.629,S1P,42.75
2026-04-20 00:01:00,C26,BeiDou,C1P,25665130.29,L1P,134871174.349,D1P,1331.206,S1P,36.25
2026-04-20 00:01:00,C29,BeiDou,C1P,22587621.816,L1P,118698877.911,D1P,-884.987,S1P,46.0
2026-04-20 00:01:00,C30,BeiDou,C1P,26422216.547,L1P,138849942.18,D1P,-2704.877,S1P,27.25
2026-04-20 00:01:00,C35,BeiDou,C1P,22634903.275,L1P,118947244.212,D1P,2149.43,S1P,47.75
2026-04-20 00:01:00,C36,BeiDou,C1P,24561345.866,L1P,129070756.497,D1P,-548.239,S1P,40.0
2026-04-20 00:01:00,C39,BeiDou,C1P,23584319.749,L1P,123936541.061,D1P,470.473,S1P,45.0
2026-04-20 00:01:00,C44,BeiDou,C2I,25580180.661,L2I,133202715.112,D2I,3150.375,S2I,36.25
2026-04-20 00:01:00,C56,BeiDou,C2I,35882280.947,L2I,186848506.44,D2I,-499.072,S2I,47.75
2026-04-20 00:01:00,C59,BeiDou,C2I,39532666.771,L2I,205857015.654,D2I,8.703,S2I,39.25
2026-04-20 00:01:00,E07,Galileo,C1C,24380154.052,L1C,128118766.79,D1C,-2048.073,S1C,46.25
2026-04-20 00:01:00,E08,Galileo,C1C,28584131.343,L1C,150210862.721,D1C,-2878.809,S1C,30.25
2026-04-20 00:01:00,E13,Galileo,C1C,26498004.834,L1C,139248018.458,D1C,1950.464,S1C,38.0
2026-04-20 00:01:00,E14,Galileo,C1C,23782490.1,L1C,124977942.283,D1C,1312.164,S1C,47.0
2026-04-20 00:01:00,E15,Galileo,C1C,26870057.683,L1C,141203102.511,D1C,923.25,S1C,37.5
2026-04-20 00:01:00,E19,Galileo,C1C,26037714.666,L1C,136829129.135,D1C,2393.022,S1C,32.969
2026-04-20 00:01:00,E21,Galileo,C1C,25463260.947,L1C,133810406.035,D1C,-70.394,S1C,43.0
2026-04-20 00:01:00,E23,Galileo,C1C,28461722.461,L5Q,111689934.944,D1C,961.808,S1C,29.75
2026-04-20 00:01:00,E27,Galileo,C1C,25441555.925,L1C,133696356.795,D1C,-1207.824,S1C,43.25
2026-04-20 00:01:00,E29,Galileo,C1C,23759494.35,L1C,124857035.209,D1C,504.132,S1C,47.75
2026-04-20 00:01:00,E30,Galileo,C1C,28353513.634,L5Q,111265464.674,D1C,-1458.0,S1C,22.25
2026-04-20 00:01:00,G01,GPS,C1C,22729521.424,L1C,119444518.041,D1C,1041.467,S1C,40.25
2026-04-20 00:01:00,G02,GPS,C1C,23258695.653,L1C,122225352.859,D1C,-1022.734,S1C,38.75
2026-04-20 00:01:00,G04,GPS,C1C,23598049.626,L1C,124008690.2,D1C,-3575.218,S1C,38.25
2026-04-20 00:01:00,G07,GPS,C1C,21189863.668,L1C,111353617.497,D1C,1371.544,S1C,47.0
2026-04-20 00:01:00,G08,GPS,C1C,24049489.687,L1C,126381021.597,D1C,-3611.54,S1C,33.75
2026-04-20 00:01:00,G09,GPS,C1C,21312566.068,L1C,111998336.49,D1C,-2697.951,S1C,46.0
2026-04-20 00:01:00,G14,GPS,C1C,22333759.47,L1C,117364755.261,D1C,293.173,S1C,43.5
2026-04-20 00:01:00,G17,GPS,C1C,21077810.404,L1C,110764652.285,D1C,1926.932,S1C,46.75
2026-04-20 00:01:00,G19,GPS,C1C,23519335.862,L1C,123594951.367,D1C,3026.854,S1C,39.75
2026-04-20 00:01:00,G22,GPS,C1C,22816222.824,L1C,119900087.027,D1C,278.21,S1C,41.75
2026-04-20 00:01:00,G30,GPS,C1C,22087893.758,L1C,116072720.105,D1C,2437.786,S1C,44.25
2026-04-20 00:01:00,I02,NavIC,C5A,36627907.768,L5A,143735806.489,D5A,-12.492,S5A,49.0
2026-04-20 00:01:00,I03,NavIC,C5A,12496366.477,L5A,49038469.214,D5A,1273.101,S5A,51.5
2026-04-20 00:01:00,I06,NavIC,C5A,38922606.332,L5A,152740679.791,D5A,-2283.166,S5A,44.5
2026-04-20 00:01:00,I09,NavIC,C5A,36489591.951,L5A,143193228.134,D5A,-399.057,S5A,49.0
2026-04-20 00:01:00,I10,NavIC,C5A,38420908.843,L5A,150772028.204,D5A,-7.491,S5A,44.25
2026-04-20 00:01:00,J02,QZSS,C1C,42317011.849,L1C,222377494.818,D1C,91.863,S1C,37.5
2026-04-20 00:01:00,J03,QZSS,C1C,40373705.255,L1C,212165242.333,D1C,-347.07,S1C,35.75
2026-04-20 00:01:00,J04,QZSS,C2L,37446444.0,L2L,153337197.602,D2L,-540.355,S2L,33.75
2026-04-20 00:01:00,J07,QZSS,C1C,38289453.028,L1C,201212581.938,D1C,0.339,S1C,34.0
2026-04-20 00:01:00,R02,GLONASS,C1C,21535488.526,L1C,114917519.232,D1C,-3515.099,S1C,46.5
2026-04-20 00:01:00,R03,GLONASS,C1C,20771259.697,L1C,111190220.192,D1C,-364.819,S1C,49.25
2026-04-20 00:01:00,R04,GLONASS,C1C,23325940.736,L1C,124909373.266,D1C,2518.892,S1C,39.0
2026-04-20 00:01:00,R12,GLONASS,C1C,23394025.845,L1C,124966734.505,D1C,-597.038,S1C,40.25
2026-04-20 00:01:00,R13,GLONASS,C1C,22053228.609,L1C,117763068.964,D1C,115.59,S1C,39.5
2026-04-20 00:01:00,R14,GLONASS,C1C,23361706.133,L1C,124531083.851,D1C,856.233,S1C,39.75
2026-04-20 00:01:00,R22,GLONASS,C1C,23568646.596,L1C,125811051.508,D1C,-2764.434,S1C,39.75
2026-04-20 00:01:00,R23,GLONASS,C1C,21057064.713,L1C,112641126.335,D1C,-605.461,S1C,46.0
2026-04-20 00:01:00,R24,GLONASS,C1C,21107853.332,L1C,112873181.781,D1C,3303.464,S1C,48.5
2026-04-20 00:01:00,S23,SBAS,C1C,39035109.47,L1C,205131451.873,D1C,3.046,S1C,38.75
2026-04-20 00:01:00,S27,SBAS,C1C,36596684.053,L1C,192318094.19,D1C,-17.159,S1C,48.25
2026-04-20 00:01:00,S28,SBAS,C1C,35992134.648,L1C,189139971.847,D1C,2.223,S1C,49.75
2026-04-20 00:01:00,S29,SBAS,C1C,36123771.02,L1C,189831742.437,D1C,2.401,S1C,48.0
2026-04-20 00:01:00,S30,SBAS,C1C,39532667.105,L1C,207745589.406,D1C,8.733,S1C,36.5
2026-04-20 00:01:00,S32,SBAS,C1C,36211993.879,L1C,190296562.152,D1C,3.842,S1C,42.625
2026-04-20 00:01:00,S34,SBAS,C1C,36142725.517,L1C,189931191.623,D1C,2.899,S1C,44.5
2026-04-20 00:01:00,S37,SBAS,C1C,38289447.252,L1C,201212419.534,D1C,0.228,S1C,36.75
2026-04-20 00:01:00,S42,SBAS,C1C,37401127.628,L1C,196543954.733,D1C,-0.092,S1C,42.0
2026-04-20 00:01:00,S43,SBAS,C1C,37088722.708,L1C,194902694.257,D1C,-5.091,S1C,45.5
2026-04-20 00:01:00,S44,SBAS,C1C,36063979.367,L1C,189517580.655,D1C,-14.534,S1C,46.75
2026-04-20 00:01:00,S45,SBAS,C1C,7124719.036,L1C,37440316.939,D1C,41.864,S1C,37.75
2026-04-20 00:01:30,C01,BeiDou,C2I,40142022.348,L2I,209030106.272,D2I,-2.339,S2I,36.25
2026-04-20 00:01:30,C02,BeiDou,C2I,36064061.915,L2I,187795072.639,D2I,-13.544,S2I,49.5
2026-04-20 00:01:30,C03,BeiDou,C2I,37088748.561,L2I,193130954.614,D2I,-4.208,S2I,47.5
2026-04-20 00:01:30,C05,BeiDou,C2I,36569291.682,L2I,190425955.508,D2I,-21.691,S2I,45.0
2026-04-20 00:01:30,C07,BeiDou,C1P,37715746.984,L1P,198197797.561,D1P,554.656,S1P,42.5
2026-04-20 00:01:30,C08,BeiDou,C1P,36957676.185,L1P,194213993.169,D1P,-452.546,S1P,45.0
2026-04-20 00:01:30,C09,BeiDou,C2I,40780594.081,L2I,212355321.745,D2I,-623.854,S2I,33.25
2026-04-20 00:01:30,C10,BeiDou,C2I,37715479.764,L2I,196394454.461,D2I,801.307,S2I,44.5
2026-04-20 00:01:30,C14,BeiDou,C1P,25035608.095,L1P,131563021.825,D1P,286.775,S1P,36.75
2026-04-20 00:01:30,C21,BeiDou,C1P,24153149.751,L1P,126925690.736,D1P,-749.432,S1P,42.75
2026-04-20 00:01:30,C22,BeiDou,C1P,24059036.316,L1P,126431122.621,D1P,-2425.711,S1P,42.5
2026-04-20 00:01:30,C26,BeiDou,C1P,25657518.714,L1P,134831175.731,D1P,1335.728,S1P,35.75
2026-04-20 00:01:30,C29,BeiDou,C1P,22592715.474,L1P,118725645.167,D1P,-899.304,S1P,45.5
2026-04-20 00:01:30,C30,BeiDou,C1P,26437673.34,L1P,138931169.514,D1P,-2710.825,S1P,26.25
2026-04-20 00:01:30,C35,BeiDou,C1P,22622660.124,L1P,118882905.941,D1P,2139.926,S1P,47.25
2026-04-20 00:01:30,C36,BeiDou,C1P,24564477.137,L1P,129087212.175,D1P,-548.672,S1P,38.75
2026-04-20 00:01:30,C39,BeiDou,C1P,23581627.017,L1P,123922391.402,D1P,473.032,S1P,44.75
2026-04-20 00:01:30,C44,BeiDou,C2I,25562027.993,L2I,133108183.454,D2I,3151.811,S2I,36.75
2026-04-20 00:01:30,C56,BeiDou,C2I,35885159.326,L2I,186863494.652,D2I,-500.04,S2I,48.0
2026-04-20 00:01:30,C59,BeiDou,C2I,39532615.088,L2I,205856745.184,D2I,9.674,S2I,39.5
2026-04-20 00:01:30,E07,Galileo,C1C,24391869.881,L1C,128180333.866,D1C,-2056.264,S1C,45.75
2026-04-20 00:01:30,E08,Galileo,C1C,28600564.212,L1C,150297213.558,D1C,-2877.654,S1C,31.5
2026-04-20 00:01:30,E13,Galileo,C1C,26486861.584,L1C,139189461.331,D1C,1953.432,S1C,38.0
2026-04-20 00:01:30,E14,Galileo,C1C,23774997.545,L1C,124938568.451,D1C,1312.914,S1C,46.406
2026-04-20 00:01:30,E15,Galileo,C1C,26864805.985,L1C,141175502.227,D1C,916.975,S1C,36.75
2026-04-20 00:01:30,E19,Galileo,C1C,26024070.209,L1C,136757429.242,D1C,2386.984,S1C,31.688
2026-04-20 00:01:30,E21,Galileo,C1C,25463667.986,L1C,133812544.393,D1C,-72.065,S1C,42.5
2026-04-20 00:01:30,E23,Galileo,C1C,28456242.255,L5Q,111668425.307,D1C,958.111,S1C,30.5
2026-04-20 00:01:30,E27,Galileo,C1C,25448442.122,L1C,133732543.482,D1C,-1204.504,S1C,42.75
2026-04-20 00:01:30,E29,Galileo,C1C,23756652.399,L1C,124842101.043,D1C,491.708,S1C,47.25
2026-04-20 00:01:30,E30,Galileo,C1C,28361818.251,L5Q,111298054.211,D1C,-1452.05,S1C,23.0
2026-04-20 00:01:30,G01,GPS,C1C,22723600.533,L1C,119413405.311,D1C,1032.768,S1C,40.75
2026-04-20 00:01:30,G02,GPS,C1C,23264575.828,L1C,122256251.226,D1C,-1037.15,S1C,38.0
2026-04-20 00:01:30,G04,GPS,C1C,23618465.069,L1C,124115971.545,D1C,-3576.653,S1C,37.75
2026-04-20 00:01:30,G07,GPS,C1C,21182054.238,L1C,111312577.816,D1C,1364.598,S1C,46.75
2026-04-20 00:01:30,G08,GPS,C1C,24070109.327,L1C,126489378.497,D1C,-3612.593,S1C,34.0
2026-04-20 00:01:30,G09,GPS,C1C,21327995.781,L1C,112079420.923,D1C,-2707.482,S1C,46.0
2026-04-20 00:01:30,G14,GPS,C1C,22332086.691,L1C,117355962.998,D1C,293.097,S1C,43.25
2026-04-20 00:01:30,G17,GPS,C1C,21066855.151,L1C,110707082.688,D1C,1911.243,S1C,47.0
2026-04-20 00:01:30,G19,GPS,C1C,23502073.11,L1C,123504234.524,D1C,3021.036,S1C,39.0
2026-04-20 00:01:30,G22,GPS,C1C,22814644.306,L1C,119891792.964,D1C,274.935,S1C,42.0
2026-04-20 00:01:30,G30,GPS,C1C,22073979.697,L1C,115999601.665,D1C,2436.801,S1C,44.5
2026-04-20 00:01:30,I02,NavIC,C5A,36628003.181,L5A,143736181.204,D5A,-12.402,S5A,49.5
2026-04-20 00:01:30,I03,NavIC,C5A,12486631.665,L5A,49000267.932,D5A,1273.764,S5A,52.0
2026-04-20 00:01:30,I06,NavIC,C5A,38940059.046,L5A,152809168.424,D5A,-2282.658,S5A,44.75
2026-04-20 00:01:30,I09,NavIC,C5A,36492644.171,L5A,143205205.48,D5A,-399.271,S5A,49.0
2026-04-20 00:01:30,I10,NavIC,C5A,38420964.126,L5A,150772245.766,D5A,-6.925,S5A,44.5
2026-04-20 00:01:30,J02,QZSS,C1C,42316476.16,L1C,222374679.038,D1C,95.858,S1C,37.5
2026-04-20 00:01:30,J03,QZSS,C1C,40375688.89,L1C,212175661.114,D1C,-347.267,S1C,36.5
2026-04-20 00:01:30,J04,QZSS,C2L,37450405.153,L2L,153353414.433,D2L,-540.683,S2L,32.5
2026-04-20 00:01:30,J07,QZSS,C1C,38289449.214,L1C,201212568.512,D1C,0.595,S1C,34.25
2026-04-20 00:01:30,R02,GLONASS,C1C,21555266.749,L1C,115023060.864,D1C,-3520.86,S1C,47.0
2026-04-20 00:01:30,R03,GLONASS,C1C,20773367.388,L1C,111201502.706,D1C,-387.124,S1C,49.0
2026-04-20 00:01:30,R04,GLONASS,C1C,23311877.615,L1C,124834067.546,D1C,2501.54,S1C,40.25
2026-04-20 00:01:30,R12,GLONASS,C1C,23397369.091,L1C,124984595.747,D1C,-593.678,S1C,39.0
2026-04-20 00:01:30,R13,GLONASS,C1C,22052563.933,L1C,117759515.347,D1C,121.565,S1C,39.75
2026-04-20 00:01:30,R14,GLONASS,C1C,23356872.33,L1C,124505313.008,D1C,862.002,S1C,40.25
2026-04-20 00:01:30,R22,GLONASS,C1C,23584226.52,L1C,125894216.015,D1C,-2779.84,S1C,40.0
2026-04-20 00:01:30,R23,GLONASS,C1C,21060527.474,L1C,112659645.872,D1C,-629.027,S1C,46.0
2026-04-20 00:01:30,R24,GLONASS,C1C,21089348.022,L1C,112774224.917,D1C,3293.864,S1C,48.5
2026-04-20 00:01:30,S23,SBAS,C1C,39035093.082,L1C,205131353.515,D1C,3.759,S1C,38.75
2026-04-20 00:01:30,S27,SBAS,C1C,36596778.811,L1C,192318595.359,D1C,-16.251,S1C,48.25
2026-04-20 00:01:30,S28,SBAS,C1C,35992119.404,L1C,189139896.103,D1C,3.055,S1C,49.5
2026-04-20 00:01:30,S29,SBAS,C1C,36123757.216,L1C,189831660.423,D1C,3.271,S1C,48.0
2026-04-20 00:01:30,S30,SBAS,C1C,39532614.0,L1C,207745316.497,D1C,9.623,S1C,36.0
2026-04-20 00:01:30,S32,SBAS,C1C,36211973.426,L1C,190296439.894,D1C,4.519,S1C,42.812
2026-04-20 00:01:30,S34,SBAS,C1C,36142711.628,L1C,189931102.329,D1C,3.576,S1C,44.75
2026-04-20 00:01:30,S37,SBAS,C1C,38289445.361,L1C,201212406.11,D1C,0.708,S1C,37.0
2026-04-20 00:01:30,S42,SBAS,C1C,37401122.517,L1C,196543946.265,D1C,0.122,S1C,42.0
2026-04-20 00:01:30,S43,SBAS,C1C,37088748.058,L1C,194902836.975,D1C,-4.221,S1C,45.75
2026-04-20 00:01:30,S44,SBAS,C1C,36064060.822,L1C,189518005.592,D1C,-13.699,S1C,46.75
2026-04-20 00:01:30,S45,SBAS,C1C,7124693.668,L1C,37439053.362,D1C,42.503,S1C,37.75
2026-04-20 00:02:00,C01,BeiDou,C2I,40142038.173,L2I,209030189.18,D2I,-2.811,S2I,36.75
2026-04-20 00:02:00,C02,BeiDou,C2I,36064142.141,L2I,187795490.449,D2I,-13.75,S2I,49.5
2026-04-20 00:02:00,C03,BeiDou,C2I,37088775.453,L2I,193131093.275,D2I,-4.571,S2I,47.75
2026-04-20 00:02:00,C05,BeiDou,C2I,36569419.249,L2I,190426619.3,D2I,-22.024,S2I,45.0
2026-04-20 00:02:00,C07,BeiDou,C1P,37712589.737,L1P,198181205.398,D1P,552.012,S1P,42.5
2026-04-20 00:02:00,C08,BeiDou,C1P,36960273.209,L1P,194227639.569,D1P,-456.706,S1P,45.25
2026-04-20 00:02:00,C09,BeiDou,C2I,40784169.687,L2I,212373946.762,D2I,-617.582,S2I,32.5
2026-04-20 00:02:00,C10,BeiDou,C2I,37710869.631,L2I,196370449.122,D2I,799.589,S2I,44.5
2026-04-20 00:02:00,C14,BeiDou,C1P,25034009.397,L1P,131554620.628,D1P,273.786,S1P,37.25
2026-04-20 00:02:00,C21,BeiDou,C1P,24157462.751,L1P,126948355.974,D1P,-761.044,S1P,43.0
2026-04-20 00:02:00,C22,BeiDou,C1P,24072888.842,L1P,126503917.85,D1P,-2426.822,S1P,42.0
2026-04-20 00:02:00,C26,BeiDou,C1P,25649883.84,L1P,134791053.598,D1P,1339.696,S1P,36.25
2026-04-20 00:02:00,C29,BeiDou,C1P,22597894.604,L1P,118752861.661,D1P,-914.668,S1P,45.5
2026-04-20 00:02:00,C30,BeiDou,C1P,26453169.173,L1P,139012602.343,D1P,-2718.771,S1P,26.25
2026-04-20 00:02:00,C35,BeiDou,C1P,22610475.544,L1P,118818875.349,D1P,2129.266,S1P,47.25
2026-04-20 00:02:00,C36,BeiDou,C1P,24567614.231,L1P,129103699.386,D1P,-550.09,S1P,38.5
2026-04-20 00:02:00,C39,BeiDou,C1P,23578923.796,L1P,123908184.385,D1P,474.587,S1P,44.75
2026-04-20 00:02:00,C44,BeiDou,C2I,25543870.794,L2I,133013630.754,D2I,3152.01,S2I,39.25
2026-04-20 00:02:00,C56,BeiDou,C2I,35888047.115,L2I,186878532.92,D2I,-502.036,S2I,48.0
2026-04-20 00:02:00,C59,BeiDou,C2I,39532562.99,L2I,205856473.648,D2I,9.259,S2I,39.5
2026-04-20 00:02:00,E07,Galileo,C1C,24403636.728,L1C,128242170.038,D1C,-2065.576,S1C,45.75
2026-04-20 00:02:00,E08,Galileo,C1C,28616993.27,L1C,150383546.688,D1C,-2877.45,S1C,30.75
2026-04-20 00:02:00,E13,Galileo,C1C,26475706.557,L1C,139130840.261,D1C,1955.15,S1C,37.75
2026-04-20 00:02:00,E14,Galileo,C1C,23767504.865,L1C,124899193.655,D1C,1312.567,S1C,46.281
2026-04-20 00:02:00,E15,Galileo,C1C,26859594.81,L1C,141148117.042,D1C,909.249,S1C,36.0
2026-04-20 00:02:00,E19,Galileo,C1C,26010464.208,L1C,136685926.968,D1C,2380.37,S1C,32.156
2026-04-20 00:02:00,E21,Galileo,C1C,25464088.83,L1C,133814755.343,D1C,-74.818,S1C,42.75
2026-04-20 00:02:00,E23,Galileo,C1C,28450786.8,L5Q,111647020.818,D1C,953.071,S1C,28.75
2026-04-20 00:02:00,E27,Galileo,C1C,25455313.376,L1C,133768654.165,D1C,-1202.362,S1C,42.75
2026-04-20 00:02:00,E29,Galileo,C1C,23753885.418,L1C,124827560.389,D1C,478.209,S1C,47.25
2026-04-20 00:02:00,E30,Galileo,C1C,28370092.989,L5Q,111330525.911,D1C,-1448.208,S1C,22.75
2026-04-20 00:02:00,G01,GPS,C1C,22717735.318,L1C,119382578.305,D1C,1022.78,S1C,40.5
2026-04-20 00:02:00,G02,GPS,C1C,23270541.691,L1C,122287605.769,D1C,-1052.681,S1C,38.75
2026-04-20 00:02:00,G04,GPS,C1C,23638892.232,L1C,124223317.792,D1C,-3578.927,S1C,38.25
2026-04-20 00:02:00,G07,GPS,C1C,21174289.18,L1C,111271771.498,D1C,1356.394,S1C,47.0
2026-04-20 00:02:00,G08,GPS,C1C,24090737.079,L1C,126597774.633,D1C,-3613.645,S1C,34.0
2026-04-20 00:02:00,G09,GPS,C1C,21343483.173,L1C,112160808.114,D1C,-2717.832,S1C,45.5
2026-04-20 00:02:00,G14,GPS,C1C,22330418.91,L1C,117347199.023,D1C,291.691,S1C,43.0
2026-04-20 00:02:00,G17,GPS,C1C,21055993.887,L1C,110650005.952,D1C,1894.363,S1C,46.75
2026-04-20 00:02:00,G19,GPS,C1C,23484848.487,L1C,123413718.796,D1C,3014.264,S1C,39.25
2026-04-20 00:02:00,G22,GPS,C1C,22813088.584,L1C,119883617.182,D1C,270.662,S1C,41.5
2026-04-20 00:02:00,G30,GPS,C1C,22060075.455,L1C,115926533.326,D1C,2434.809,S1C,44.25
2026-04-20 00:02:00,I02,NavIC,C5A,36628102.676,L5A,143736571.694,D5A,-13.238,S5A,49.25
2026-04-20 00:02:00,I03,NavIC,C5A,12476896.324,L5A,48962064.182,D5A,1273.564,S5A,51.75
2026-04-20 00:02:00,I06,NavIC,C5A,38957512.491,L5A,152877659.476,D5A,-2283.027,S5A,44.5
2026-04-20 00:02:00,I09,NavIC,C5A,36495702.198,L5A,143217205.651,D5A,-400.388,S5A,48.75
2026-04-20 00:02:00,I10,NavIC,C5A,38421019.851,L5A,150772463.753,D5A,-7.213,S5A,44.25
2026-04-20 00:02:00,J02,QZSS,C1C,42315920.809,L1C,222371764.161,D1C,98.778,S1C,37.25
2026-04-20 00:02:00,J03,QZSS,C1C,40377676.649,L1C,212186105.97,D1C,-348.6,S1C,35.5
2026-04-20 00:02:00,J04,QZSS,C2L,37454371.434,L2L,153369657.892,D2L,-541.747,S2L,31.5
2026-04-20 00:02:00,J07,QZSS,C1C,38289447.273,L1C,201212554.034,D1C,-0.362,S1C,33.5
2026-04-20 00:02:00,R02,GLONASS,C1C,21575082.398,L1C,115128797.978,D1C,-3527.687,S1C,47.0
2026-04-20 00:02:00,R03,GLONASS,C1C,20775603.864,L1C,111213475.115,D1C,-410.539,S1C,49.25
2026-04-20 00:02:00,R04,GLONASS,C1C,23297915.702,L1C,124759302.662,D1C,2483.214,S1C,40.25
2026-04-20 00:02:00,R12,GLONASS,C1C,23400698.079,L1C,125002378.127,D1C,-591.378,S1C,39.5
2026-04-20 00:02:00,R13,GLONASS,C1C,22051868.986,L1C,117755808.132,D1C,126.238,S1C,39.75
2026-04-20 00:02:00,R14,GLONASS,C1C,23352009.139,L1C,124479391.463,D1C,866.793,S1C,40.25
2026-04-20 00:02:00,R22,GLONASS,C1C,23599897.581,L1C,125977865.522,D1C,-2796.316,S1C,39.25
2026-04-20 00:02:00,R23,GLONASS,C1C,21064125.934,L1C,112678894.73,D1C,-653.6,S1C,46.0
2026-04-20 00:02:00,R24,GLONASS,C1C,21070900.876,L1C,112675581.34,D1C,3282.914,S1C,49.0
2026-04-20 00:02:00,S23,SBAS,C1C,39035073.317,L1C,205131258.208,D1C,3.059,S1C,38.75
2026-04-20 00:02:00,S27,SBAS,C1C,36596874.437,L1C,192319095.196,D1C,-16.397,S1C,48.25
2026-04-20 00:02:00,S28,SBAS,C1C,35992106.316,L1C,189139819.061,D1C,2.75,S1C,49.25
2026-04-20 00:02:00,S29,SBAS,C1C,36123740.961,L1C,189831577.196,D1C,2.749,S1C,48.0
2026-04-20 00:02:00,S30,SBAS,C1C,39532563.793,L1C,207745042.463,D1C,9.143,S1C,36.25
2026-04-20 00:02:00,S32,SBAS,C1C,36211948.009,L1C,190296316.338,D1C,4.082,S1C,42.781
2026-04-20 00:02:00,S34,SBAS,C1C,36142694.251,L1C,189931009.788,D1C,3.24,S1C,44.5
2026-04-20 00:02:00,S37,SBAS,C1C,38289442.396,L1C,201212391.626,D1C,0.595,S1C,36.75
2026-04-20 00:02:00,S42,SBAS,C1C,37401120.55,L1C,196543938.477,D1C,1.031,S1C,42.0
2026-04-20 00:02:00,S43,SBAS,C1C,37088775.009,L1C,194902976.909,D1C,-4.555,S1C,45.5
2026-04-20 00:02:00,S44,SBAS,C1C,36064141.66,L1C,189518427.239,D1C,-13.948,S1C,46.5
2026-04-20 00:02:00,S45,SBAS,C1C,7124666.579,L1C,37439387.875,D1C,42.36,S1C,37.75
2026-04-20 00:02:30,C01,BeiDou,C2I,40142054.848,L2I,209030274.531,D2I,-2.553,S2I,36.5
2026-04-20 00:02:30,C02,BeiDou,C2I,36064222.415,L2I,187795908.52,D2I,-13.455,S2I,49.5
2026-04-20 00:02:30,C03,BeiDou,C2I,37088802.341,L2I,193131232.686,D2I,-4.2,S2I,47.5
2026-04-20 00:02:30,C05,BeiDou,C2I,36569547.164,L2I,190427285.51,D2I,-21.872,S2I,45.25
2026-04-20 00:02:30,C07,BeiDou,C1P,37709447.21,L1P,198164691.558,D1P,549.554,S1P,42.75
2026-04-20 00:02:30,C08,BeiDou,C1P,36962892.517,L1P,194241404.62,D1P,-460.401,S1P,45.25
2026-04-20 00:02:30,C09,BeiDou,C2I,40787713.267,L2I,212392397.574,D2I,-611.302,S2I,32.75
2026-04-20 00:02:30,C10,BeiDou,C2I,37706268.296,L2I,196346488.478,D2I,798.516,S2I,44.25
2026-04-20 00:02:30,C14,BeiDou,C1P,25032483.994,L1P,131546603.214,D1P,261.154,S1P,37.25
2026-04-20 00:02:30,C21,BeiDou,C1P,24161840.185,L1P,126971360.148,D1P,-771.998,S1P,43.0
2026-04-20 00:02:30,C22,BeiDou,C1P,24086745.902,L1P,126576737.131,D1P,-2427.263,S1P,42.25
2026-04-20 00:02:30,C26,BeiDou,C1P,25642226.142,L1P,134750811.234,D1P,1343.95,S1P,36.75
2026-04-20 00:02:30,C29,BeiDou,C1P,22603159.872,L1P,118780530.439,D1P,-929.391,S1P,45.5
2026-04-20 00:02:30,C30,BeiDou,C1P,26468705.39,L1P,139094242.137,D1P,-2724.658,S1P,27.0
2026-04-20 00:02:30,C35,BeiDou,C1P,22598350.643,L1P,118755158.212,D1P,2119.064,S1P,47.5
2026-04-20 00:02:30,C36,BeiDou,C1P,24570758.959,L1P,129120223.008,D1P,-551.046,S1P,38.25
2026-04-20 00:02:30,C39,BeiDou,C1P,23576210.006,L1P,123893924.339,D1P,476.627,S1P,45.0
2026-04-20 00:02:30,C44,BeiDou,C2I,25525708.952,L2I,132919062.574,D2I,3153.138,S2I,37.0
2026-04-20 00:02:30,C56,BeiDou,C2I,35890945.344,L2I,186893624.347,D2I,-503.501,S2I,48.0
2026-04-20 00:02:30,C59,BeiDou,C2I,39532511.427,L2I,205856204.528,D2I,9.309,S2I,39.5
2026-04-20 00:02:30,E07,Galileo,C1C,24415455.463,L1C,128304277.31,D1C,-2074.285,S1C,45.75
2026-04-20 00:02:30,E08,Galileo,C1C,28633418.207,L1C,150469864.193,D1C,-2876.488,S1C,29.75
2026-04-20 00:02:30,E13,Galileo,C1C,26464539.781,L1C,139072160.688,D1C,1957.421,S1C,38.75
2026-04-20 00:02:30,E14,Galileo,C1C,23760012.688,L1C,124859821.986,D1C,1312.78,S1C,46.625
2026-04-20 00:02:30,E15,Galileo,C1C,26854425.255,L1C,141120952.178,D1C,902.277,S1C,37.0
2026-04-20 00:02:30,E19,Galileo,C1C,25996896.358,L1C,136614627.587,D1C,2373.925,S1C,32.562
2026-04-20 00:02:30,E21,Galileo,C1C,25464523.582,L1C,133817041.192,D1C,-76.928,S1C,42.5
2026-04-20 00:02:30,E23,Galileo,C1C,28445359.873,L5Q,111625723.583,D1C,948.334,S1C,29.75
2026-04-20 00:02:30,E27,Galileo,C1C,25462171.337,L1C,133804691.502,D1C,-1199.578,S1C,43.0
2026-04-20 00:02:30,E29,Galileo,C1C,23751194.12,L1C,124813417.233,D1C,465.245,S1C,47.5
2026-04-20 00:02:30,E30,Galileo,C1C,28378337.413,L5Q,111362882.587,D1C,-1444.117,S1C,20.0
2026-04-20 00:02:30,G01,GPS,C1C,22711923.963,L1C,119352043.155,D1C,1013.429,S1C,40.25
2026-04-20 00:02:30,G02,GPS,C1C,23276595.992,L1C,122319420.139,D1C,-1067.786,S1C,38.0
2026-04-20 00:02:30,G04,GPS,C1C,23659332.21,L1C,124330729.726,D1C,-3580.905,S1C,37.5
2026-04-20 00:02:30,G07,GPS,C1C,21166569.301,L1C,111231204.915,D1C,1348.615,S1C,46.75
2026-04-20 00:02:30,G08,GPS,C1C,24111371.42,L1C,126706211.151,D1C,-3614.541,S1C,34.0
2026-04-20 00:02:30,G09,GPS,C1C,21359028.324,L1C,112242498.658,D1C,-2727.6,S1C,45.25
2026-04-20 00:02:30,G14,GPS,C1C,22328757.095,L1C,117338465.354,D1C,291.076,S1C,42.75
2026-04-20 00:02:30,G17,GPS,C1C,21045227.377,L1C,110593427.17,D1C,1878.057,S1C,46.5
2026-04-20 00:02:30,G19,GPS,C1C,23467662.905,L1C,123323410.04,D1C,3007.219,S1C,40.0
2026-04-20 00:02:30,G22,GPS,C1C,22811555.787,L1C,119875561.623,D1C,266.987,S1C,41.25
2026-04-20 00:02:30,G30,GPS,C1C,22046181.646,L1C,115853520.881,D1C,2433.227,S1C,44.5
2026-04-20 00:02:30,I02,NavIC,C5A,36628206.79,L5A,143736980.429,D5A,-13.623,S5A,50.25
2026-04-20 00:02:30,I03,NavIC,C5A,12467160.929,L5A,48923860.65,D5A,1273.786,S5A,52.75
2026-04-20 00:02:30,I06,NavIC,C5A,38974967.341,L5A,152946155.768,D5A,-2282.957,S5A,45.5
2026-04-20 00:02:30,I09,NavIC,C5A,36498766.616,L5A,143229231.126,D5A,-400.899,S5A,50.0
2026-04-20 00:02:30,I10,NavIC,C5A,38421076.162,L5A,150772684.838,D5A,-7.066,S5A,45.25
2026-04-20 00:02:30,J02,QZSS,C1C,42315348.869,L1C,222368753.588,D1C,102.493,S1C,37.25
2026-04-20 00:02:30,J03,QZSS,C1C,40379670.072,L1C,212196580.631,D1C,-349.262,S1C,35.25
2026-04-20 00:02:30,J04,QZSS,C2L,37458346.146,L2L,153385930.466,D2L,-542.48,S2L,35.0
2026-04-20 00:02:30,J07,QZSS,C1C,38289445.699,L1C,201212541.992,D1C,1.057,S1C,33.75
2026-04-20 00:02:30,R02,GLONASS,C1C,21594933.402,L1C,115234729.381,D1C,-3533.761,S1C,46.75
2026-04-20 00:02:30,R03,GLONASS,C1C,20777969.791,L1C,111226138.96,D1C,-433.133,S1C,49.25
2026-04-20 00:02:30,R04,GLONASS,C1C,23284057.241,L1C,124685084.727,D1C,2465.148,S1C,40.5
2026-04-20 00:02:30,R12,GLONASS,C1C,23404013.116,L1C,125020087.255,D1C,-588.799,S1C,40.5
2026-04-20 00:02:30,R13,GLONASS,C1C,22051146.197,L1C,117751951.578,D1C,131.485,S1C,39.25
2026-04-20 00:02:30,R14,GLONASS,C1C,23347117.963,L1C,124453321.0,D1C,872.055,S1C,40.5
2026-04-20 00:02:30,R22,GLONASS,C1C,23615658.919,L1C,126062001.263,D1C,-2812.142,S1C,37.5
2026-04-20 00:02:30,R23,GLONASS,C1C,21067861.082,L1C,112698876.495,D1C,-677.896,S1C,45.75
2026-04-20 00:02:30,R24,GLONASS,C1C,21052514.458,L1C,112577259.486,D1C,3272.364,S1C,48.75
2026-04-20 00:02:30,S23,SBAS,C1C,39035055.556,L1C,205131165.439,D1C,3.769,S1C,38.75
2026-04-20 00:02:30,S27,SBAS,C1C,36596970.161,L1C,192319597.857,D1C,-16.502,S1C,48.25
2026-04-20 00:02:30,S28,SBAS,C1C,35992091.229,L1C,189139744.333,D1C,2.715,S1C,49.25
2026-04-20 00:02:30,S29,SBAS,C1C,36123725.172,L1C,189831496.33,D1C,3.104,S1C,48.0
2026-04-20 00:02:30,S30,SBAS,C1C,39532518.204,L1C,207744770.877,D1C,9.269,S1C,36.0
2026-04-20 00:02:30,S32,SBAS,C1C,36211924.471,L1C,190296194.471,D1C,4.492,S1C,42.5
2026-04-20 00:02:30,S34,SBAS,C1C,36142678.963,L1C,189930916.347,D1C,3.551,S1C,44.5
2026-04-20 00:02:30,S37,SBAS,C1C,38289440.858,L1C,201212379.644,D1C,0.726,S1C,36.75
2026-04-20 00:02:30,S42,SBAS,C1C,37401118.296,L1C,196543929.268,D1C,0.603,S1C,42.0
2026-04-20 00:02:30,S43,SBAS,C1C,37088803.47,L1C,194903117.599,D1C,-4.236,S1C,45.5
2026-04-20 00:02:30,S44,SBAS,C1C,36064221.944,L1C,189518849.144,D1C,-13.649,S1C,46.5
2026-04-20 00:02:30,S45,SBAS,C1C,7124634.772,L1C,37439724.169,D1C,42.613,S1C,37.75
2026-04-20 00:03:00,C01,BeiDou,C2I,40142071.442,L2I,209030360.762,D2I,-3.121,S2I,36.5
2026-04-20 00:03:00,C02,BeiDou,C2I,36064302.502,L2I,187796325.306,D2I,-14.091,S2I,49.75
2026-04-20 00:03:00,C03,BeiDou,C2I,37088828.612,L2I,193131371.343,D2I,-4.738,S2I,47.75
2026-04-20 00:03:00,C05,BeiDou,C2I,36569675.383,L2I,190427952.528,D2I,-22.428,S2I,45.25
2026-04-20 00:03:00,C07,BeiDou,C1P,37706319.394,L1P,198148255.06,D1P,546.408,S1P,43.0
2026-04-20 00:03:00,C08,BeiDou,C1P,36965534.103,L1P,194255286.279,D1P,-464.846,S1P,45.25
2026-04-20 00:03:00,C09,BeiDou,C2I,40791221.949,L2I,212410672.085,D2I,-606.227,S2I,32.25
2026-04-20 00:03:00,C10,BeiDou,C2I,37701675.232,L2I,196322571.592,D2I,796.389,S2I,44.5
2026-04-20 00:03:00,C14,BeiDou,C1P,25031030.705,L1P,131538967.247,D1P,247.919,S1P,37.5
2026-04-20 00:03:00,C21,BeiDou,C1P,24166281.51,L1P,126994699.858,D1P,-783.798,S1P,42.75
2026-04-20 00:03:00,C22,BeiDou,C1P,24100606.708,L1P,126649576.465,D1P,-2428.47,S1P,42.25
2026-04-20 00:03:00,C26,BeiDou,C1P,25634544.658,L1P,134710446.782,D1P,1347.421,S1P,35.75
2026-04-20 00:03:00,C29,BeiDou,C1P,22608510.591,L1P,118808649.37,D1P,-944.997,S1P,45.5
2026-04-20 00:03:00,C30,BeiDou,C1P,26484279.647,L1P,139176085.538,D1P,-2731.418,S1P,26.75
2026-04-20 00:03:00,C35,BeiDou,C1P,22586285.382,L1P,118691755.112,D1P,2107.972,S1P,47.25
2026-04-20 00:03:00,C36,BeiDou,C1P,24573910.067,L1P,129136782.647,D1P,-552.856,S1P,38.0
2026-04-20 00:03:00,C39,BeiDou,C1P,23573486.292,L1P,123879610.479,D1P,477.807,S1P,45.0
2026-04-20 00:03:00,C44,BeiDou,C2I,25507545.558,L2I,132824479.342,D2I,3152.763,S2I,36.75
2026-04-20 00:03:00,C56,BeiDou,C2I,35893853.388,L2I,186908766.903,D2I,-505.813,S2I,48.25
2026-04-20 00:03:00,C59,BeiDou,C2I,39532459.834,L2I,205855936.304,D2I,8.783,S2I,39.75
2026-04-20 00:03:00,E07,Galileo,C1C,24427325.071,L1C,128366652.556,D1C,-2083.851,S1C,45.75
2026-04-20 00:03:00,E08,Galileo,C1C,28649840.401,L1C,150556162.734,D1C,-2876.615,S1C,31.75
2026-04-20 00:03:00,E13,Galileo,C1C,26453362.535,L1C,139013423.03,D1C,1958.473,S1C,38.0
2026-04-20 00:03:00,E14,Galileo,C1C,23752520.757,L1C,124820452.4,D1C,1312.043,S1C,46.594
2026-04-20 00:03:00,E15,Galileo,C1C,26849297.784,L1C,141094007.872,D1C,894.259,S1C,37.0
2026-04-20 00:03:00,E19,Galileo,C1C,25983367.188,L1C,136543531.076,D1C,2366.173,S1C,32.781
2026-04-20 00:03:00,E21,Galileo,C1C,25464972.302,L1C,133819399.107,D1C,-79.904,S1C,42.25
2026-04-20 00:03:00,E23,Galileo,C1C,28439959.951,L5Q,111604531.951,D1C,943.554,S1C,30.25
2026-04-20 00:03:00,E27,Galileo,C1C,25469014.384,L1C,133840653.115,D1C,-1197.617,S1C,43.0
2026-04-20 00:03:00,E29,Galileo,C1C,23748578.232,L1C,124799670.445,D1C,451.414,S1C,47.5
2026-04-20 00:03:00,E30,Galileo,C1C,28386553.675,L5Q,111395123.035,D1C,-1434.29,S1C,20.0
2026-04-20 00:03:00,G01,GPS,C1C,22706168.96,L1C,119321800.766,D1C,1003.167,S1C,40.0
2026-04-20 00:03:00,G02,GPS,C1C,23282736.775,L1C,122351692.713,D1C,-1083.591,S1C,39.25
2026-04-20 00:03:00,G04,GPS,C1C,23679784.107,L1C,124438202.944,D1C,-3583.521,S1C,37.0
2026-04-20 00:03:00,G07,GPS,C1C,21158895.637,L1C,111190878.904,D1C,1339.898,S1C,46.75
2026-04-20 00:03:00,G08,GPS,C1C,24132013.455,L1C,126814683.912,D1C,-3616.348,S1C,34.25
2026-04-20 00:03:00,G09,GPS,C1C,21374630.493,L1C,112324487.999,D1C,-2738.095,S1C,45.5
2026-04-20 00:03:00,G14,GPS,C1C,22327100.354,L1C,117329759.15,D1C,289.514,S1C,43.25
2026-04-20 00:03:00,G17,GPS,C1C,21034555.406,L1C,110537345.827,D1C,1860.878,S1C,46.75
2026-04-20 00:03:00,G19,GPS,C1C,23450517.197,L1C,123233308.646,D1C,2999.636,S1C,39.5
2026-04-20 00:03:00,G22,GPS,C1C,22810044.74,L1C,119867622.981,D1C,262.532,S1C,41.25
2026-04-20 00:03:00,G30,GPS,C1C,22032298.446,L1C,115780564.916,D1C,2430.719,S1C,44.5
2026-04-20 00:03:00,I02,NavIC,C5A,36628315.406,L5A,143737406.067,D5A,-14.612,S5A,50.25
2026-04-20 00:03:00,I03,NavIC,C5A,12457425.449,L5A,48885656.171,D5A,1273.338,S5A,52.5
2026-04-20 00:03:00,I06,NavIC,C5A,38992423.152,L5A,153014656.1,D5A,-2283.592,S5A,45.25
2026-04-20 00:03:00,I09,NavIC,C5A,36501837.214,L5A,143241280.647,D5A,-402.188,S5A,49.75
2026-04-20 00:03:00,I10,NavIC,C5A,38421132.907,L5A,150772907.879,D5A,-7.624,S5A,45.0
2026-04-20 00:03:00,J02,QZSS,C1C,42314757.188,L1C,222365645.767,D1C,104.967,S1C,37.25
2026-04-20 00:03:00,J03,QZSS,C1C,40381668.644,L1C,212207083.576,D1C,-350.827,S1C,34.5
2026-04-20 00:03:00,J04,QZSS,C2L,37462326.716,L2L,153402230.638,D2L,-544.108,S2L,35.0
2026-04-20 00:03:00,J07,QZSS,C1C,38289442.828,L1C,201212530.956,D1C,0.233,S1C,33.0
2026-04-20 00:03:00,R02,GLONASS,C1C,21614820.491,L1C,115340849.292,D1C,-3540.659,S1C,46.5
2026-04-20 00:03:00,R03,GLONASS,C1C,20780463.476,L1C,111239490.572,D1C,-456.73,S1C,49.25
2026-04-20 00:03:00,R04,GLONASS,C1C,23270299.485,L1C,124611414.332,D1C,2446.295,S1C,41.0
2026-04-20 00:03:00,R12,GLONASS,C1C,23407314.824,L1C,125037723.205,D1C,-586.874,S1C,39.75
2026-04-20 00:03:00,R13,GLONASS,C1C,22050397.54,L1C,117747944.855,D1C,135.916,S1C,40.0
2026-04-20 00:03:00,R14,GLONASS,C1C,23342199.186,L1C,124427098.972,D1C,876.365,S1C,40.25
2026-04-20 00:03:00,R22,GLONASS,C1C,23631510.073,L1C,126146618.447,D1C,-2828.878,S1C,37.5
2026-04-20 00:03:00,R23,GLONASS,C1C,21071733.902,L1C,112719590.231,D1C,-702.878,S1C,46.0
2026-04-20 00:03:00,R24,GLONASS,C1C,21034188.689,L1C,112479262.287,D1C,3260.947,S1C,48.75
2026-04-20 00:03:00,S23,SBAS,C1C,39035037.218,L1C,205131070.95,D1C,3.168,S1C,38.75
2026-04-20 00:03:00,S27,SBAS,C1C,36597066.471,L1C,192320103.277,D1C,-16.925,S1C,48.75
2026-04-20 00:03:00,S28,SBAS,C1C,35992077.72,L1C,189139671.578,D1C,2.198,S1C,49.25
2026-04-20 00:03:00,S29,SBAS,C1C,36123708.962,L1C,189831416.267,D1C,2.483,S1C,48.0
2026-04-20 00:03:00,S30,SBAS,C1C,39532462.667,L1C,207744500.177,D1C,8.778,S1C,36.0
2026-04-20 00:03:00,S32,SBAS,C1C,36211903.601,L1C,190296073.98,D1C,3.917,S1C,42.531
2026-04-20 00:03:00,S34,SBAS,C1C,36142662.798,L1C,189930826.636,D1C,2.425,S1C,44.5
2026-04-20 00:03:00,S37,SBAS,C1C,38289441.309,L1C,201212368.61,D1C,0.224,S1C,36.75
2026-04-20 00:03:00,S42,SBAS,C1C,37401116.324,L1C,196543916.92,D1C,0.283,S1C,42.25
2026-04-20 00:03:00,S43,SBAS,C1C,37088829.057,L1C,194903257.542,D1C,-4.86,S1C,45.25
2026-04-20 00:03:00,S44,SBAS,C1C,36064301.489,L1C,189519269.744,D1C,-14.16,S1C,46.5
2026-04-20 00:03:00,S45,SBAS,C1C,7124609.973,L1C,37440061.465,D1C,41.948,S1C,37.75
2026-04-20 00:03:30,C01,BeiDou,C2I,40142087.343,L2I,209030444.153,D2I,-2.613,S2I,36.25
2026-04-20 00:03:30,C02,BeiDou,C2I,36064381.578,L2I,187796737.082,D2I,-13.596,S2I,49.5
2026-04-20 00:03:30,C03,BeiDou,C2I,37088854.672,L2I,193131505.517,D2I,-4.347,S2I,47.75
2026-04-20 00:03:30,C05,BeiDou,C2I,36569802.977,L2I,190428616.659,D2I,-22.042,S2I,45.0
2026-04-20 00:03:30,C07,BeiDou,C1P,37703205.838,L1P,198131892.65,D1P,544.304,S1P,42.5
2026-04-20 00:03:30,C08,BeiDou,C1P,36968197.116,L1P,194269280.33,D1P,-468.263,S1P,45.0
2026-04-20 00:03:30,C09,BeiDou,C2I,40794697.484,L2I,212428766.66,D2I,-600.32,S2I,31.75
2026-04-20 00:03:30,C10,BeiDou,C2I,37697090.162,L2I,196298695.317,D2I,795.293,S2I,44.5
2026-04-20 00:03:30,C14,BeiDou,C1P,25029649.579,L1P,131531708.163,D1P,235.676,S1P,37.75
2026-04-20 00:03:30,C21,BeiDou,C1P,24170785.751,L1P,127018369.499,D1P,-794.372,S1P,43.0
2026-04-20 00:03:30,C22,BeiDou,C1P,24114470.144,L1P,126722429.675,D1P,-2428.493,S1P,42.0
2026-04-20 00:03:30,C26,BeiDou,C1P,25626839.504,L1P,134669956.156,D1P,1352.029,S1P,35.75
2026-04-20 00:03:30,C29,BeiDou,C1P,22613946.402,L1P,118837214.137,D1P,-959.513,S1P,45.0
2026-04-20 00:03:30,C30,BeiDou,C1P,26499891.333,L1P,139258127.002,D1P,-2738.126,S1P,26.5
2026-04-20 00:03:30,C35,BeiDou,C1P,22574279.588,L1P,118628664.395,D1P,2097.889,S1P,47.25
2026-04-20 00:03:30,C36,BeiDou,C1P,24577067.959,L1P,129153375.754,D1P,-553.51,S1P,38.5
2026-04-20 00:03:30,C39,BeiDou,C1P,23570751.588,L1P,123865239.81,D1P,480.054,S1P,45.0
2026-04-20 00:03:30,C44,BeiDou,C2I,25489379.127,L2I,132729879.402,D2I,3153.554,S2I,39.75
2026-04-20 00:03:30,C56,BeiDou,C2I,35896770.364,L2I,186923956.417,D2I,-506.978,S2I,48.0
2026-04-20 00:03:30,C59,BeiDou,C2I,39532407.627,L2I,205855665.23,D2I,9.183,S2I,39.5
2026-04-20 00:03:30,E07,Galileo,C1C,24439244.767,L1C,128429290.447,D1C,-2092.171,S1C,45.25
2026-04-20 00:03:30,E08,Galileo,C1C,28666258.052,L1C,150642437.063,D1C,-2875.175,S1C,32.5
2026-04-20 00:03:30,E13,Galileo,C1C,26442173.639,L1C,138954625.33,D1C,1960.817,S1C,38.0
2026-04-20 00:03:30,E14,Galileo,C1C,23745028.881,L1C,124781081.59,D1C,1312.461,S1C,46.219
2026-04-20 00:03:30,E15,Galileo,C1C,26844212.488,L1C,141067282.038,D1C,887.279,S1C,36.562
2026-04-20 00:03:30,E19,Galileo,C1C,25969875.9,L1C,136472635.544,D1C,2360.0,S1C,32.5
2026-04-20 00:03:30,E21,Galileo,C1C,25465433.861,L1C,133821823.996,D1C,-81.8,S1C,42.5
2026-04-20 00:03:30,E23,Galileo,C1C,28434586.657,L5Q,111583442.485,D1C,938.976,S1C,32.0
2026-04-20 00:03:30,E27,Galileo,C1C,25475842.498,L1C,133876534.351,D1C,-1194.575,S1C,42.5
2026-04-20 00:03:30,E29,Galileo,C1C,23746036.974,L1C,124786316.644,D1C,438.61,S1C,47.25
2026-04-20 00:03:30,E30,Galileo,C1C,28394741.252,L5Q,111427244.627,D1C,-1430.833,S1C,21.0
2026-04-20 00:03:30,G01,GPS,C1C,22700469.639,L1C,119291849.878,D1C,993.502,S1C,40.75
2026-04-20 00:03:30,G02,GPS,C1C,23288965.117,L1C,122384419.656,D1C,-1098.282,S1C,38.0
2026-04-20 00:03:30,G04,GPS,C1C,23700245.748,L1C,124545730.917,D1C,-3584.969,S1C,37.0
2026-04-20 00:03:30,G07,GPS,C1C,21151267.425,L1C,111150792.441,D1C,1332.288,S1C,47.0
2026-04-20 00:03:30,G08,GPS,C1C,24152661.412,L1C,126923186.648,D1C,-3617.247,S1C,34.0
2026-04-20 00:03:30,G09,GPS,C1C,21390288.4,L1C,112406769.391,D1C,-2747.404,S1C,45.5
2026-04-20 00:03:30,G14,GPS,C1C,22325447.628,L1C,117321075.4,D1C,289.227,S1C,42.75
2026-04-20 00:03:30,G17,GPS,C1C,21023977.742,L1C,110481759.65,D1C,1844.75,S1C,46.75
2026-04-20 00:03:30,G19,GPS,C1C,23433410.86,L1C,123143412.801,D1C,2993.308,S1C,40.0
2026-04-20 00:03:30,G21,GPS,C5Q,25650228.857,,,D5Q,-440.141,S5Q,19.0
2026-04-20 00:03:30,G22,GPS,C1C,22808555.724,L1C,119859795.825,D1C,259.16,S1C,41.25
2026-04-20 00:03:30,G30,GPS,C1C,22018425.913,L1C,115707663.898,D1C,2429.208,S1C,44.25
2026-04-20 00:03:30,I02,NavIC,C5A,36628427.433,L5A,143737845.625,D5A,-14.812,S5A,50.0
2026-04-20 00:03:30,I03,NavIC,C5A,12447688.955,L5A,48847448.003,D5A,1273.724,S5A,52.0
2026-04-20 00:03:30,I06,NavIC,C5A,39009879.319,L5A,153083157.616,D5A,-2283.41,S5A,45.0
2026-04-20 00:03:30,I09,NavIC,C5A,36504913.262,L5A,143253351.263,D5A,-402.632,S5A,49.5
2026-04-20 00:03:30,I10,NavIC,C5A,38421189.755,L5A,150773130.019,D5A,-7.272,S5A,44.75
2026-04-20 00:03:30,J02,QZSS,C1C,42314146.667,L1C,222362436.705,D1C,108.764,S1C,37.25
2026-04-20 00:03:30,J03,QZSS,C1C,40383670.807,L1C,212217611.226,D1C,-351.205,S1C,34.5
2026-04-20 00:03:30,J04,QZSS,C2L,37466313.762,L2L,153418555.138,D2L,-544.658,S2L,34.5
2026-04-20 00:03:30,J07,QZSS,C1C,38289440.489,L1C,201212517.154,D1C,0.96,S1C,33.5
2026-04-20 00:03:30,R02,GLONASS,C1C,21634740.968,L1C,115447148.943,D1C,-3546.243,S1C,46.75
2026-04-20 00:03:30,R03,GLONASS,C1C,20783085.629,L1C,111253524.718,D1C,-479.075,S1C,49.0
2026-04-20 00:03:30,R04,GLONASS,C1C,23256643.067,L1C,124538290.331,D1C,2428.402,S1C,40.75
2026-04-20 00:03:30,R12,GLONASS,C1C,23410603.261,L1C,125055283.87,D1C,-583.948,S1C,40.25
2026-04-20 00:03:30,R13,GLONASS,C1C,22049618.561,L1C,117743784.599,D1C,141.213,S1C,39.5
2026-04-20 00:03:30,R14,GLONASS,C1C,23337250.258,L1C,124400720.747,D1C,881.97,S1C,40.25
2026-04-20 00:03:30,R22,GLONASS,C1C,23647451.105,L1C,126231711.101,D1C,-2844.26,S1C,37.25
2026-04-20 00:03:30,R23,GLONASS,C1C,21075740.925,L1C,112741031.684,D1C,-726.813,S1C,45.25
2026-04-20 00:03:30,R24,GLONASS,C1C,21015923.627,L1C,112381590.302,D1C,3250.353,S1C,48.5
2026-04-20 00:03:30,S23,SBAS,C1C,39035016.407,L1C,205130971.219,D1C,3.56,S1C,38.75
2026-04-20 00:03:30,S27,SBAS,C1C,36597163.219,L1C,192320604.801,D1C,-16.775,S1C,48.75
2026-04-20 00:03:30,S28,SBAS,C1C,35992062.883,L1C,189139595.236,D1C,2.702,S1C,49.25
2026-04-20 00:03:30,S29,SBAS,C1C,36123694.255,L1C,189831333.251,D1C,3.0,S1C,47.75
2026-04-20 00:03:30,S30,SBAS,C1C,39532408.346,L1C,207744226.629,D1C,9.439,S1C,36.0
2026-04-20 00:03:30,S32,SBAS,C1C,36211877.876,L1C,190295949.688,D1C,4.355,S1C,42.625
2026-04-20 00:03:30,S34,SBAS,C1C,36142644.442,L1C,189930740.052,D1C,2.901,S1C,44.5
2026-04-20 00:03:30,S37,SBAS,C1C,38289437.714,L1C,201212354.793,D1C,0.428,S1C,37.0
2026-04-20 00:03:30,S42,SBAS,C1C,37401117.478,L1C,196543904.145,D1C,-0.057,S1C,42.0
2026-04-20 00:03:30,S43,SBAS,C1C,37088853.548,L1C,194903392.938,D1C,-4.4,S1C,45.25
2026-04-20 00:03:30,S44,SBAS,C1C,36064380.454,L1C,189519685.303,D1C,-13.689,S1C,46.75
2026-04-20 00:03:30,S45,SBAS,C1C,7124578.157,L1C,37438795.792,D1C,42.384,S1C,37.75
2026-04-20 00:04:00,C01,BeiDou,C2I,40142103.92,L2I,209030529.829,D2I,-3.51,S2I,36.25
2026-04-20 00:04:00,C02,BeiDou,C2I,36064460.694,L2I,187797148.936,D2I,-14.218,S2I,49.5
2026-04-20 00:04:00,C03,BeiDou,C2I,37088880.55,L2I,193131640.282,D2I,-4.932,S2I,47.75
2026-04-20 00:04:00,C05,BeiDou,C2I,36569931.026,L2I,190429282.978,D2I,-22.756,S2I,45.25
2026-04-20 00:04:00,C07,BeiDou,C1P,37700107.486,L1P,198115610.031,D1P,540.84,S1P,43.25
2026-04-20 00:04:00,C08,BeiDou,C1P,36970882.219,L1P,194283391.423,D1P,-472.811,S1P,45.75
2026-04-20 00:04:00,C09,BeiDou,C2I,40798136.368,L2I,212446685.852,D2I,-595.213,S2I,30.75
2026-04-20 00:04:00,C10,BeiDou,C2I,37692513.81,L2I,196274865.432,D2I,793.14,S2I,44.75
2026-04-20 00:04:00,C14,BeiDou,C1P,25028340.907,L1P,131524830.286,D1P,222.351,S1P,38.25
2026-04-20 00:04:00,C21,BeiDou,C1P,24175353.26,L1P,127042372.35,D1P,-806.168,S1P,43.25
2026-04-20 00:04:00,C22,BeiDou,C1P,24128336.771,L1P,126795299.458,D1P,-2429.803,S1P,42.5
2026-04-20 00:04:00,C26,BeiDou,C1P,25619111.431,L1P,134629344.267,D1P,1355.227,S1P,36.0
2026-04-20 00:04:00,C29,BeiDou,C1P,22619467.792,L1P,118866229.331,D1P,-975.159,S1P,45.75
2026-04-20 00:04:00,C30,BeiDou,C1P,26515542.363,L1P,139340369.648,D1P,-2745.428,S1P,26.75
2026-04-20 00:04:00,C35,BeiDou,C1P,22562334.546,L1P,118565893.324,D1P,2086.517,S1P,47.75
2026-04-20 00:04:00,C36,BeiDou,C1P,24580232.981,L1P,129170008.728,D1P,-555.797,S1P,39.0
2026-04-20 00:04:00,C39,BeiDou,C1P,23568007.247,L1P,123850818.261,D1P,481.027,S1P,45.25
2026-04-20 00:04:00,C44,BeiDou,C2I,25471208.005,L2I,132635269.858,D2I,3153.11,S2I,36.0
2026-04-20 00:04:00,C56,BeiDou,C2I,35899697.241,L2I,186939197.482,D2I,-509.405,S2I,48.0
2026-04-20 00:04:00,C59,BeiDou,C2I,39532356.374,L2I,205855396.435,D2I,8.424,S2I,38.25
2026-04-20 00:04:00,E07,Galileo,C1C,24451215.075,L1C,128492194.54,D1C,-2101.72,S1C,46.0
2026-04-20 00:04:00,E08,Galileo,C1C,28682671.557,L1C,150728690.808,D1C,-2875.151,S1C,30.25
2026-04-20 00:04:00,E13,Galileo,C1C,26430975.022,L1C,138895774.654,D1C,1962.036,S1C,38.5
2026-04-20 00:04:00,E14,Galileo,C1C,23737537.564,L1C,124741715.125,D1C,1311.639,S1C,46.781
2026-04-20 00:04:00,E15,Galileo,C1C,26839169.517,L1C,141040781.583,D1C,878.967,S1C,37.0
2026-04-20 00:04:00,E19,Galileo,C1C,25956424.838,L1C,136401947.703,D1C,2352.047,S1C,33.031
2026-04-20 00:04:00,E21,Galileo,C1C,25465908.606,L1C,133824319.697,D1C,-84.872,S1C,43.25
2026-04-20 00:04:00,E23,Galileo,C1C,28429238.467,L5Q,111562458.585,D1C,934.283,S1C,31.75
2026-04-20 00:04:00,E27,Galileo,C1C,25482656.078,L1C,133912339.519,D1C,-1192.734,S1C,43.0
2026-04-20 00:04:00,E29,Galileo,C1C,23743571.737,L1C,124773361.363,D1C,424.704,S1C,47.75
2026-04-20 00:04:00,E30,Galileo,C1C,28402897.594,L5Q,111459251.173,D1C,-1426.314,S1C,23.0
2026-04-20 00:04:00,G01,GPS,C1C,22694827.786,L1C,119262198.104,D1C,982.833,S1C,40.25
2026-04-20 00:04:00,G02,GPS,C1C,23295279.964,L1C,122417606.59,D1C,-1114.473,S1C,38.5
2026-04-20 00:04:00,G04,GPS,C1C,23720718.091,L1C,124653315.945,D1C,-3587.6,S1C,37.25
2026-04-20 00:04:00,G07,GPS,C1C,21143686.251,L1C,111110952.814,D1C,1323.37,S1C,46.75
2026-04-20 00:04:00,G08,GPS,C1C,24173314.925,L1C,127031721.959,D1C,-3619.171,S1C,33.5
2026-04-20 00:04:00,G09,GPS,C1C,21406002.198,L1C,112489344.941,D1C,-2757.871,S1C,45.0
2026-04-20 00:04:00,G14,GPS,C1C,22323800.165,L1C,117312418.028,D1C,287.655,S1C,42.25
2026-04-20 00:04:00,G17,GPS,C1C,21013495.332,L1C,110426674.783,D1C,1827.256,S1C,46.75
2026-04-20 00:04:00,G19,GPS,C1C,23416344.966,L1C,123053729.822,D1C,2985.438,S1C,38.75
2026-04-20 00:04:00,G22,GPS,C1C,22807087.842,L1C,119852083.574,D1C,254.681,S1C,41.25
2026-04-20 00:04:00,G30,GPS,C1C,22004564.984,L1C,115634825.143,D1C,2426.412,S1C,44.25
2026-04-20 00:04:00,I02,NavIC,C5A,36628544.106,L5A,143738303.016,D5A,-15.914,S5A,50.0
2026-04-20 00:04:00,I03,NavIC,C5A,12437952.483,L5A,48809240.035,D5A,1273.264,S5A,52.0
2026-04-20 00:04:00,I06,NavIC,C5A,39027336.911,L5A,153151664.182,D5A,-2284.092,S5A,45.0
2026-04-20 00:04:00,I09,NavIC,C5A,36507995.518,L5A,143265446.657,D5A,-403.982,S5A,49.5
2026-04-20 00:04:00,I10,NavIC,C5A,38421247.198,L5A,150773355.155,D5A,-7.915,S5A,44.75
2026-04-20 00:04:00,J02,QZSS,C1C,42313517.653,L1C,222359131.505,D1C,111.35,S1C,37.25
2026-04-20 00:04:00,J03,QZSS,C1C,40385680.458,L1C,212228168.819,D1C,-353.048,S1C,34.5
2026-04-20 00:04:00,J04,QZSS,C2L,37470307.124,L2L,153434907.771,D2L,-546.085,S2L,35.0
2026-04-20 00:04:00,J07,QZSS,C1C,38289437.9,L1C,201212505.719,D1C,-0.522,S1C,34.25
2026-04-20 00:04:00,R02,GLONASS,C1C,21654695.505,L1C,115553629.201,D1C,-3552.853,S1C,46.25
2026-04-20 00:04:00,R03,GLONASS,C1C,20785835.028,L1C,111268243.887,D1C,-502.51,S1C,49.0
2026-04-20 00:04:00,R04,GLONASS,C1C,23243091.679,L1C,124465720.09,D1C,2409.191,S1C,41.75
2026-04-20 00:04:00,R12,GLONASS,C1C,23413877.372,L1C,125072776.406,D1C,-582.465,S1C,38.5
2026-04-20 00:04:00,R13,GLONASS,C1C,22048809.885,L1C,117739476.759,D1C,145.501,S1C,39.25
2026-04-20 00:04:00,R14,GLONASS,C1C,23332273.406,L1C,124374189.862,D1C,886.297,S1C,40.0
2026-04-20 00:04:00,R22,GLONASS,C1C,23663482.076,L1C,126317281.123,D1C,-2860.755,S1C,37.75
2026-04-20 00:04:00,R23,GLONASS,C1C,21079886.852,L1C,112763206.136,D1C,-751.886,S1C,45.75
2026-04-20 00:04:00,R24,GLONASS,C1C,20997720.901,L1C,112284253.19,D1C,3238.301,S1C,48.5
2026-04-20 00:04:00,S23,SBAS,C1C,39034997.787,L1C,205130875.11,D1C,2.604,S1C,38.5
2026-04-20 00:04:00,S27,SBAS,C1C,36597258.778,L1C,192321110.647,D1C,-17.354,S1C,48.5
2026-04-20 00:04:00,S28,SBAS,C1C,35992048.533,L1C,189139521.634,D1C,1.924,S1C,49.25
2026-04-20 00:04:00,S29,SBAS,C1C,36123678.569,L1C,189831252.431,D1C,2.237,S1C,47.75
2026-04-20 00:04:00,S30,SBAS,C1C,39532355.777,L1C,207743955.375,D1C,8.923,S1C,36.25
2026-04-20 00:04:00,S32,SBAS,C1C,36211857.275,L1C,190295828.398,D1C,3.343,S1C,42.375
2026-04-20 00:04:00,S34,SBAS,C1C,36142629.117,L1C,189930662.245,D1C,2.045,S1C,44.5
2026-04-20 00:04:00,S37,SBAS,C1C,38289430.635,L1C,201212343.317,D1C,-0.136,S1C,36.75
2026-04-20 00:04:00,S42,SBAS,C1C,37401112.232,L1C,196543898.167,D1C,-0.72,S1C,42.0
2026-04-20 00:04:00,S43,SBAS,C1C,37088880.727,L1C,194903528.946,D1C,-4.985,S1C,45.25
2026-04-20 00:04:00,S44,SBAS,C1C,36064461.296,L1C,189520100.932,D1C,-14.349,S1C,46.5
2026-04-20 00:04:00,S45,SBAS,C1C,7124548.671,L1C,37439130.772,D1C,41.648,S1C,37.5
2026-04-20 00:04:30,C01,BeiDou,C2I,40142120.474,L2I,209030616.774,D2I,-2.552,S2I,36.0
2026-04-20 00:04:30,C02,BeiDou,C2I,36064539.467,L2I,187797559.931,D2I,-13.464,S2I,49.5
2026-04-20 00:04:30,C03,BeiDou,C2I,37088906.355,L2I,193131774.714,D2I,-4.298,S2I,47.5
2026-04-20 00:04:30,C05,BeiDou,C2I,36570059.232,L2I,190429950.556,D2I,-22.114,S2I,45.0
2026-04-20 00:04:30,C07,BeiDou,C1P,37697024.097,L1P,198099406.785,D1P,539.041,S1P,43.0
2026-04-20 00:04:30,C08,BeiDou,C1P,36973589.605,L1P,194297618.143,D1P,-475.909,S1P,45.5
2026-04-20 00:04:30,C09,BeiDou,C2I,40801546.34,L2I,212464428.57,D2I,-588.613,S2I,32.0
2026-04-20 00:04:30,C10,BeiDou,C2I,37687946.34,L2I,196251081.547,D2I,792.195,S2I,44.25
2026-04-20 00:04:30,C14,BeiDou,C1P,25027103.971,L1P,131518331.777,D1P,210.549,S1P,38.25
2026-04-20 00:04:30,C21,BeiDou,C1P,24179984.075,L1P,127066705.621,D1P,-816.405,S1P,43.5
2026-04-20 00:04:30,C22,BeiDou,C1P,24142206.024,L1P,126868182.419,D1P,-2429.409,S1P,42.0
2026-04-20 00:04:30,C26,BeiDou,C1P,25611359.907,L1P,134588609.843,D1P,1359.981,S1P,36.5
2026-04-20 00:04:30,C29,BeiDou,C1P,22625074.596,L1P,118895693.368,D1P,-989.466,S1P,45.5
2026-04-20 00:04:30,C30,BeiDou,C1P,26531229.668,L1P,139422810.647,D1P,-2751.331,S1P,26.25
2026-04-20 00:04:30,C35,BeiDou,C1P,22550450.809,L1P,118503443.115,D1P,2076.41,S1P,47.5
2026-04-20 00:04:30,C36,BeiDou,C1P,24583405.906,L1P,129186681.794,D1P,-556.578,S1P,39.75
2026-04-20 00:04:30,C39,BeiDou,C1P,23565253.431,L1P,123836345.679,D1P,483.48,S1P,45.25
2026-04-20 00:04:30,C44,BeiDou,C2I,25453039.65,L2I,132540651.749,D2I,3154.14,S2I,37.75
2026-04-20 00:04:30,C56,BeiDou,C2I,35902633.704,L2I,186954488.685,D2I,-510.317,S2I,47.75
2026-04-20 00:04:30,C59,BeiDou,C2I,39532304.637,L2I,205855128.982,D2I,9.205,S2I,38.0
2026-04-20 00:04:30,E07,Galileo,C1C,24463235.32,L1C,128555362.298,D1C,-2109.744,S1C,46.0
2026-04-20 00:04:30,E08,Galileo,C1C,28699081.894,L1C,150814921.576,D1C,-2873.704,S1C,24.25
2026-04-20 00:04:30,E13,Galileo,C1C,26419766.025,L1C,138836872.031,D1C,1964.538,S1C,38.5
2026-04-20 00:04:30,E14,Galileo,C1C,23730047.147,L1C,124702352.621,D1C,1312.197,S1C,46.781
2026-04-20 00:04:30,E15,Galileo,C1C,26834169.719,L1C,141014507.225,D1C,872.109,S1C,36.5
2026-04-20 00:04:30,E19,Galileo,C1C,25943012.605,L1C,136331468.252,D1C,2346.22,S1C,32.875
2026-04-20 00:04:30,E21,Galileo,C1C,25466396.742,L1C,133826883.987,D1C,-86.321,S1C,43.25
2026-04-20 00:04:30,E23,Galileo,C1C,28423917.374,L5Q,111541578.967,D1C,929.229,S1C,31.25
2026-04-20 00:04:30,E27,Galileo,C1C,25489454.66,L1C,133948066.844,D1C,-1189.376,S1C,42.75
2026-04-20 00:04:30,E29,Galileo,C1C,23741182.098,L1C,124760804.019,D1C,412.151,S1C,47.75
2026-04-20 00:04:30,E30,Galileo,C1C,28411022.98,L5Q,111491142.24,D1C,-1424.685,S1C,21.0
2026-04-20 00:04:30,G01,GPS,C1C,22689242.356,L1C,119232846.994,D1C,973.534,S1C,41.0
2026-04-20 00:04:30,G02,GPS,C1C,23301682.542,L1C,122451252.171,D1C,-1129.022,S1C,38.75
2026-04-20 00:04:30,G04,GPS,C1C,23741201.215,L1C,124760954.317,D1C,-3588.633,S1C,37.0
2026-04-20 00:04:30,G07,GPS,C1C,21136152.538,L1C,111071361.946,D1C,1315.677,S1C,46.5
2026-04-20 00:04:30,G08,GPS,C1C,24193973.62,L1C,127140286.386,D1C,-3619.304,S1C,33.25
2026-04-20 00:04:30,G09,GPS,C1C,21421770.735,L1C,112572210.676,D1C,-2766.802,S1C,45.0
2026-04-20 00:04:30,G14,GPS,C1C,22322157.441,L1C,117303784.803,D1C,287.593,S1C,42.75
2026-04-20 00:04:30,G17,GPS,C1C,21003108.485,L1C,110372092.228,D1C,1811.196,S1C,46.75
2026-04-20 00:04:30,G19,GPS,C1C,23399319.226,L1C,122964260.551,D1C,2978.865,S1C,38.75
2026-04-20 00:04:30,G22,GPS,C1C,22805641.786,L1C,119844483.389,D1C,251.664,S1C,41.5
2026-04-20 00:04:30,G30,GPS,C1C,21990716.43,L1C,115562049.986,D1C,2424.877,S1C,43.75
2026-04-20 00:04:30,I02,NavIC,C5A,36628664.999,L5A,143738777.459,D5A,-15.919,S5A,49.5
2026-04-20 00:04:30,I03,NavIC,C5A,12428215.854,L5A,48771031.433,D5A,1273.763,S5A,51.75
2026-04-20 00:04:30,I06,NavIC,C5A,39044795.219,L5A,153220175.022,D5A,-2283.562,S5A,44.75
2026-04-20 00:04:30,I09,NavIC,C5A,36511083.682,L5A,143277565.988,D5A,-404.245,S5A,49.0
2026-04-20 00:04:30,I10,NavIC,C5A,38421305.154,L5A,150773582.527,D5A,-7.447,S5A,44.25
2026-04-20 00:04:30,J02,QZSS,C1C,42312870.179,L1C,222355729.086,D1C,115.338,S1C,37.5
2026-04-20 00:04:30,J03,QZSS,C1C,40387694.862,L1C,212238755.558,D1C,-353.169,S1C,35.0
2026-04-20 00:04:30,J04,QZSS,C2L,37474308.107,L2L,153451287.439,D2L,-546.312,S2L,34.0
2026-04-20 00:04:30,J07,QZSS,C1C,38289437.131,L1C,201212495.604,D1C,0.482,S1C,34.5
2026-04-20 00:04:30,R02,GLONASS,C1C,21674682.331,L1C,115660284.491,D1C,-3557.821,S1C,46.25
2026-04-20 00:04:30,R03,GLONASS,C1C,20788712.724,L1C,111283645.794,D1C,-524.44,S1C,49.0
2026-04-20 00:04:30,R04,GLONASS,C1C,23229643.757,L1C,124393704.986,D1C,2391.397,S1C,41.5
2026-04-20 00:04:30,R12,GLONASS,C1C,23417139.655,L1C,125090201.791,D1C,-579.608,S1C,39.75
2026-04-20 00:04:30,R13,GLONASS,C1C,22047976.14,L1C,117735020.925,D1C,151.28,S1C,39.0
2026-04-20 00:04:30,R14,GLONASS,C1C,23327267.667,L1C,124347504.291,D1C,892.382,S1C,40.75
2026-04-20 00:04:30,R22,GLONASS,C1C,23679601.562,L1C,126403324.886,D1C,-2875.764,S1C,38.5
2026-04-20 00:04:30,R23,GLONASS,C1C,21084169.315,L1C,112786113.043,D1C,-775.596,S1C,45.5
2026-04-20 00:04:30,R24,GLONASS,C1C,20979582.219,L1C,112187254.879,D1C,3227.762,S1C,48.5
2026-04-20 00:04:30,S23,SBAS,C1C,39034979.86,L1C,205130778.769,D1C,3.585,S1C,38.75
2026-04-20 00:04:30,S27,SBAS,C1C,36597355.593,L1C,192321618.062,D1C,-16.8,S1C,48.5
2026-04-20 00:04:30,S28,SBAS,C1C,35992035.436,L1C,189139449.311,D1C,2.562,S1C,49.25
2026-04-20 00:04:30,S29,SBAS,C1C,36123662.976,L1C,189831172.863,D1C,2.933,S1C,47.75
2026-04-20 00:04:30,S30,SBAS,C1C,39532304.707,L1C,207743685.474,D1C,9.369,S1C,36.25
2026-04-20 00:04:30,S32,SBAS,C1C,36211831.895,L1C,190295707.101,D1C,4.244,S1C,42.25
2026-04-20 00:04:30,S34,SBAS,C1C,36142612.85,L1C,189930579.395,D1C,2.947,S1C,44.5
2026-04-20 00:04:30,S37,SBAS,C1C,38289431.972,L1C,201212333.238,D1C,0.333,S1C,37.25
2026-04-20 00:04:30,S42,SBAS,C1C,37401115.385,L1C,196543892.733,D1C,0.134,S1C,42.0
2026-04-20 00:04:30,S43,SBAS,C1C,37088906.702,L1C,194903664.615,D1C,-4.399,S1C,45.25
2026-04-20 00:04:30,S44,SBAS,C1C,36064538.691,L1C,189520515.695,D1C,-13.645,S1C,46.5
2026-04-20 00:04:30,S45,SBAS,C1C,7124521.918,L1C,37439466.234,D1C,42.271,S1C,37.5
2026-04-20 00:05:00,C01,BeiDou,C2I,40142136.746,L2I,209030701.612,D2I,-3.194,S2I,36.5
2026-04-20 00:05:00,C02,BeiDou,C2I,36064617.622,L2I,187797966.572,D2I,-13.834,S2I,49.25
2026-04-20 00:05:00,C03,BeiDou,C2I,37088931.441,L2I,193131905.303,D2I,-4.638,S2I,47.5
2026-04-20 00:05:00,C05,BeiDou,C2I,36570187.004,L2I,190430615.887,D2I,-22.439,S2I,45.0
2026-04-20 00:05:00,C07,BeiDou,C1P,37693955.098,L1P,198083279.94,D1P,535.809,S1P,42.25
2026-04-20 00:05:00,C08,BeiDou,C1P,36976318.151,L1P,194311956.475,D1P,-480.208,S1P,45.0
2026-04-20 00:05:00,C09,BeiDou,C2I,40804918.477,L2I,212481990.998,D2I,-582.82,S2I,31.75
2026-04-20 00:05:00,C10,BeiDou,C2I,37683387.117,L2I,196227340.822,D2I,790.344,S2I,44.5
2026-04-20 00:05:00,C14,BeiDou,C1P,25025938.312,L1P,131512208.342,D1P,197.555,S1P,38.0
2026-04-20 00:05:00,C21,BeiDou,C1P,24184676.245,L1P,127091363.862,D1P,-827.676,S1P,43.0
2026-04-20 00:05:00,C22,BeiDou,C1P,24156076.672,L1P,126941072.64,D1P,-2430.149,S1P,42.0
2026-04-20 00:05:00,C26,BeiDou,C1P,25603584.554,L1P,134547749.129,D1P,1363.838,S1P,37.25
2026-04-20 00:05:00,C29,BeiDou,C1P,22630766.167,L1P,118925602.15,D1P,-1004.702,S1P,45.0
2026-04-20 00:05:00,C30,BeiDou,C1P,26546954.819,L1P,139505444.538,D1P,-2757.758,S1P,27.0
2026-04-20 00:05:00,C35,BeiDou,C1P,22538627.573,L1P,118441312.321,D1P,2065.347,S1P,47.0
2026-04-20 00:05:00,C36,BeiDou,C1P,24586585.866,L1P,129203392.679,D1P,-558.021,S1P,39.25
2026-04-20 00:05:00,C39,BeiDou,C1P,23562489.043,L1P,123821819.316,D1P,484.765,S1P,45.25
2026-04-20 00:05:00,C44,BeiDou,C2I,25434866.897,L2I,132446023.678,D2I,3154.152,S2I,39.0
2026-04-20 00:05:00,C56,BeiDou,C2I,35905579.094,L2I,186969826.073,D2I,-512.348,S2I,47.75
2026-04-20 00:05:00,C59,BeiDou,C2I,39532253.16,L2I,205854859.392,D2I,8.747,S2I,38.0
2026-04-20 00:05:00,E07,Galileo,C1C,24475304.997,L1C,128618788.6,D1C,-2118.843,S1C,45.75
2026-04-20 00:05:00,E08,Galileo,C1C,28715483.828,L8Q,114155859.653,D1C,-2874.717,S1C,20.25
2026-04-20 00:05:00,E13,Galileo,C1C,26408547.13,L1C,138777915.785,D1C,1965.784,S1C,37.5
2026-04-20 00:05:00,E14,Galileo,C1C,23722556.958,L1C,124662990.985,D1C,1311.66,S1C,46.375
2026-04-20 00:05:00,E15,Galileo,C1C,26829212.329,L1C,140988457.123,D1C,864.162,S1C,36.0
2026-04-20 00:05:00,E19,Galileo,C1C,25929640.473,L1C,136261195.399,D1C,2338.57,S1C,31.938
2026-04-20 00:05:00,E21,Galileo,C1C,25466896.9,L1C,133829512.054,D1C,-89.008,S1C,43.0
2026-04-20 00:05:00,E23,Galileo,C1C,28418622.544,L5Q,111520800.31,D1C,924.43,S1C,30.25
2026-04-20 00:05:00,E27,Galileo,C1C,25496237.647,L1C,133983711.935,D1C,-1187.129,S1C,42.5
2026-04-20 00:05:00,E29,Galileo,C1C,23738867.686,L1C,124748641.447,D1C,398.482,S1C,47.25
2026-04-20 00:05:00,E30,Galileo,C7Q,28419120.287,L7Q,114432197.291,D7Q,-1085.23,S7Q,27.25
2026-04-20 00:05:00,G01,GPS,C1C,22683713.789,L1C,119203795.415,D1C,962.896,S1C,41.0
2026-04-20 00:05:00,G02,GPS,C1C,23308172.315,L1C,122485352.709,D1C,-1144.694,S1C,39.25
2026-04-20 00:05:00,G04,GPS,C1C,23761693.51,L1C,124868639.691,D1C,-3590.696,S1C,36.5
2026-04-20 00:05:00,G07,GPS,C1C,21128665.642,L1C,111032018.758,D1C,1306.933,S1C,46.75
2026-04-20 00:05:00,G08,GPS,C1C,24214637.613,L1C,127248873.913,D1C,-3620.465,S1C,33.25
2026-04-20 00:05:00,G09,GPS,C1C,21437593.441,L1C,112655360.052,D1C,-2776.703,S1C,45.0
2026-04-20 00:05:00,G14,GPS,C1C,22320518.275,L1C,117295170.946,D1C,286.415,S1C,42.25
2026-04-20 00:05:00,G17,GPS,C1C,20992817.082,L1C,110318009.379,D1C,1794.084,S1C,46.5
2026-04-20 00:05:00,G19,GPS,C1C,23382334.166,L1C,122875003.384,D1C,2971.253,S1C,40.0
2026-04-20 00:05:00,G22,GPS,C1C,22804216.266,L1C,119836990.207,D1C,247.72,S1C,41.5
2026-04-20 00:05:00,G30,GPS,C1C,21976879.66,L1C,115489337.036,D1C,2422.277,S1C,44.25
2026-04-20 00:05:00,I02,NavIC,C5A,36628789.489,L5A,143739266.074,D5A,-16.874,S5A,49.5
2026-04-20 00:05:00,I03,NavIC,C5A,12418478.465,L5A,48732819.561,D5A,1273.527,S5A,51.75
2026-04-20 00:05:00,I06,NavIC,C5A,39062254.126,L5A,153288687.526,D5A,-2284.063,S5A,44.5
2026-04-20 00:05:00,I09,NavIC,C5A,36514177.592,L5A,143289706.497,D5A,-405.321,S5A,48.75
2026-04-20 00:05:00,I10,NavIC,C5A,38421363.115,L5A,150773809.532,D5A,-7.805,S5A,44.5
2026-04-20 00:05:00,J02,QZSS,C1C,42312203.542,L1C,222352225.824,D1C,118.2,S1C,37.5
2026-04-20 00:05:00,J03,QZSS,C1C,40389714.785,L1C,212249368.04,D1C,-354.447,S1C,35.25
2026-04-20 00:05:00,J04,QZSS,C2L,37478313.5,L2L,153467691.154,D2L,-547.542,S2L,34.75
2026-04-20 00:05:00,J07,QZSS,C1C,38289434.189,L1C,201212483.412,D1C,-0.049,S1C,34.0
2026-04-20 00:05:00,R02,GLONASS,C1C,21694701.177,L1C,115767106.63,D1C,-3563.86,S1C,46.0
2026-04-20 00:05:00,R03,GLONASS,C1C,20791715.889,L1C,111299723.838,D1C,-547.53,S1C,49.0
2026-04-20 00:05:00,R04,GLONASS,C1C,23216298.212,L1C,124322243.758,D1C,2372.414,S1C,41.5
2026-04-20 00:05:00,R12,GLONASS,C1C,23420388.787,L1C,125107558.234,D1C,-577.759,S1C,41.0
2026-04-20 00:05:00,R13,GLONASS,C1C,22047113.044,L1C,117730414.391,D1C,155.512,S1C,39.25
2026-04-20 00:05:00,R14,GLONASS,C1C,23322231.389,L1C,124320659.012,D1C,897.114,S1C,40.5
2026-04-20 00:05:00,R22,GLONASS,C1C,23695807.272,L1C,126489835.971,D1C,-2891.922,S1C,37.75
2026-04-20 00:05:00,R23,GLONASS,C1C,21088587.532,L1C,112809748.486,D1C,-800.372,S1C,45.75
2026-04-20 00:05:00,R24,GLONASS,C1C,20961505.828,L1C,112090596.177,D1C,3215.863,S1C,48.75
2026-04-20 00:05:00,S23,SBAS,C1C,39034963.432,L1C,205130679.04,D1C,3.142,S1C,38.75
2026-04-20 00:05:00,S27,SBAS,C1C,36597451.12,L1C,192322123.464,D1C,-17.289,S1C,48.25
2026-04-20 00:05:00,S28,SBAS,C1C,35992020.528,L1C,189139375.205,D1C,2.149,S1C,49.25
2026-04-20 00:05:00,S29,SBAS,C1C,36123648.613,L1C,189831091.028,D1C,2.232,S1C,47.75
2026-04-20 00:05:00,S30,SBAS,C1C,39532255.474,L1C,207743413.422,D1C,8.433,S1C,36.0
2026-04-20 00:05:00,S32,SBAS,C1C,36211809.483,L1C,190295584.221,D1C,3.798,S1C,42.5
2026-04-20 00:05:00,S34,SBAS,C1C,36142596.931,L1C,189930489.503,D1C,2.647,S1C,44.5
2026-04-20 00:05:00,S37,SBAS,C1C,38289429.307,L1C,201212321.013,D1C,0.111,S1C,37.25
2026-04-20 00:05:00,S42,SBAS,C1C,37401108.955,L1C,196543882.323,D1C,0.414,S1C,42.0
2026-04-20 00:05:00,S43,SBAS,C1C,37088932.369,L1C,194903796.393,D1C,-4.582,S1C,45.5
2026-04-20 00:05:00,S44,SBAS,C1C,36064616.524,L1C,189520926.078,D1C,-14.0,S1C,46.5
2026-04-20 00:05:00,S45,SBAS,C1C,7124494.404,L1C,37438199.785,D1C,41.906,S1C,37.5
