Epoch,Total_Satellites,Mean_Code,Mean_Carrier_Phase,Mean_Doppler,Doppler_STD,Mean_Signal_Strength,Min_Signal_Strength,Max_Signal_Strength,Signal_Strength_STD,BeiDou_Count,GLONASS_Count,GPS_Count,Galileo_Count,NavIC_Count,QZSS_Count,SBAS_Count,Valid_Signal_Observations
2026-04-20 00:00:00,71,29152439.879366197,148511066.8656338,-86.9330281690141,1485.8156584980322,41.66594366197183,21.0,52.25,5.9964656635324385,19,9,11,11,5,4,12,71
2026-04-20 00:00:30,71,29153001.45035211,148513702.13945073,-90.85791549295776,1485.598620669178,41.612225352112674,21.5,52.25,5.883799241979584,19,9,11,11,5,4,12,71
2026-04-20 00:01:00,72,29103952.856402777,148303755.46737498,-49.40859722222224,1523.5752666155943,41.605472222222225,22.25,51.5,5.932861017955203,20,9,11,11,5,4,12,72
2026-04-20 00:01:30,72,29104294.177444443,148305228.0276111,-52.14794444444444,1523.4276790349818,41.53688888888889,23.0,52.0,5.9170082456448965,20,9,11,11,5,4,12,72
2026-04-20 00:02:00,72,29104654.885361113,148306825.90940276,-55.931597222222216,1523.277998019899,41.46830555555555,22.75,51.75,5.995141144455278,20,9,11,11,5,4,12,72
2026-04-20 00:02:30,72,29105035.8175,148308530.17708334,-59.18248611111109,1523.0886039278732,41.530375,20.0,52.75,6.10900056240617,20,9,11,11,5,4,12,72
2026-04-20 00:03:00,72,29105436.60508333,148310339.36418056,-63.19920833333333,1522.8117527349125,41.53341666666667,20.0,52.5,6.105385936169592,20,9,11,11,5,4,12,72
2026-04-20 00:03:30,73,29058519.153410956,148312227.60443056,-71.40131506849315,1512.6724706932764,41.20076712328767,19.0,52.0,6.458676858649894,20,9,12,11,5,4,12,73
2026-04-20 00:04:00,72,29106296.458361108,148314244.41848612,-70.50127777777777,1522.4324889796296,41.513013888888885,23.0,52.0,5.96681415571312,20,9,11,11,5,4,12,72
2026-04-20 00:04:30,72,29106756.663444445,148316366.29025,-73.34918055555556,1522.2483683947062,41.40841666666667,21.0,51.75,6.165400030999896,20,9,11,11,5,4,12,72
2026-04-20 00:05:00,72,29107235.93984722,147848623.32490277,-72.5833611111111,1518.387842446044,41.393236111111115,20.25,51.75,6.067695312740671,20,9,11,11,5,4,12,72
